date,baa,aaa,baa10y
1919-01-31,7.12,5.35,
1919-02-28,7.2,5.35,
1919-03-31,7.15,5.39,
1919-04-30,7.23,5.44,
1919-05-31,7.09,5.39,
1919-06-30,7.04,5.4,
1919-07-31,7.06,5.44,
1919-08-31,7.13,5.56,
1919-09-30,7.27,5.6,
1919-10-31,7.34,5.54,
1919-11-30,7.54,5.66,
1919-12-31,7.77,5.73,
1920-01-31,7.78,5.75,
1920-02-29,7.94,5.86,
1920-03-31,7.97,5.92,
1920-04-30,8.17,6.04,
1920-05-31,8.39,6.25,
1920-06-30,8.39,6.38,
1920-07-31,8.52,6.34,
1920-08-31,8.39,6.3,
1920-09-30,8.14,6.22,
1920-10-31,7.99,6.05,
1920-11-30,8.21,6.08,
1920-12-31,8.56,6.26,
1921-01-31,8.5,6.14,
1921-02-28,8.42,6.08,
1921-03-31,8.55,6.08,
1921-04-30,8.53,6.06,
1921-05-31,8.52,6.11,
1921-06-30,8.56,6.18,
1921-07-31,8.48,6.12,
1921-08-31,8.51,5.99,
1921-09-30,8.34,5.93,
1921-10-31,8.34,5.84,
1921-11-30,7.88,5.6,
1921-12-31,7.61,5.5,
1922-01-31,7.7,5.34,
1922-02-28,7.55,5.29,
1922-03-31,7.45,5.23,
1922-04-30,7.14,5.15,
1922-05-31,6.89,5.13,
1922-06-30,6.97,5.08,
1922-07-31,6.89,5.0,
1922-08-31,6.85,4.96,
1922-09-30,6.75,4.93,
1922-10-31,6.78,4.97,
1922-11-30,6.98,5.09,
1922-12-31,7.02,5.08,
1923-01-31,6.98,5.04,
1923-02-28,6.97,5.07,
1923-03-31,7.09,5.13,
1923-04-30,7.17,5.22,
1923-05-31,7.17,5.16,
1923-06-30,7.21,5.15,
1923-07-31,7.34,5.14,
1923-08-31,7.38,5.08,
1923-09-30,7.38,5.12,
1923-10-31,7.46,5.11,
1923-11-30,7.4,5.09,
1923-12-31,7.38,5.09,
1924-01-31,7.24,5.09,
1924-02-29,7.14,5.09,
1924-03-31,7.08,5.1,
1924-04-30,7.03,5.08,
1924-05-31,6.97,5.04,
1924-06-30,6.82,4.99,
1924-07-31,6.67,4.95,
1924-08-31,6.69,4.95,
1924-09-30,6.73,4.95,
1924-10-31,6.62,4.92,
1924-11-30,6.54,4.94,
1924-12-31,6.46,4.95,
1925-01-31,6.44,4.95,
1925-02-28,6.36,4.95,
1925-03-31,6.36,4.91,
1925-04-30,6.41,4.87,
1925-05-31,6.3,4.83,
1925-06-30,6.18,4.83,
1925-07-31,6.2,4.87,
1925-08-31,6.24,4.9,
1925-09-30,6.2,4.87,
1925-10-31,6.17,4.85,
1925-11-30,6.17,4.84,
1925-12-31,6.15,4.85,
1926-01-31,6.09,4.82,
1926-02-28,6.02,4.77,
1926-03-31,6.05,4.79,
1926-04-30,5.98,4.74,
1926-05-31,5.86,4.71,
1926-06-30,5.8,4.72,
1926-07-31,5.79,4.71,
1926-08-31,5.81,4.72,
1926-09-30,5.79,4.72,
1926-10-31,5.81,4.71,
1926-11-30,5.77,4.68,
1926-12-31,5.68,4.68,
1927-01-31,5.61,4.66,
1927-02-28,5.59,4.67,
1927-03-31,5.54,4.62,
1927-04-30,5.48,4.58,
1927-05-31,5.5,4.57,
1927-06-30,5.55,4.58,
1927-07-31,5.55,4.6,
1927-08-31,5.48,4.56,
1927-09-30,5.42,4.54,
1927-10-31,5.38,4.51,
1927-11-30,5.35,4.49,
1927-12-31,5.32,4.46,
1928-01-31,5.35,4.46,
1928-02-29,5.33,4.46,
1928-03-31,5.32,4.46,
1928-04-30,5.33,4.46,
1928-05-31,5.42,4.49,
1928-06-30,5.55,4.57,
1928-07-31,5.58,4.61,
1928-08-31,5.61,4.64,
1928-09-30,5.59,4.61,
1928-10-31,5.58,4.61,
1928-11-30,5.55,4.58,
1928-12-31,5.6,4.61,
1929-01-31,5.63,4.62,
1929-02-28,5.66,4.66,
1929-03-31,5.79,4.7,
1929-04-30,5.8,4.69,
1929-05-31,5.8,4.7,
1929-06-30,5.94,4.77,
1929-07-31,5.95,4.77,
1929-08-31,6.04,4.79,
1929-09-30,6.12,4.8,
1929-10-31,6.11,4.77,
1929-11-30,6.03,4.76,
1929-12-31,5.95,4.67,
1930-01-31,5.92,4.66,
1930-02-28,5.89,4.69,
1930-03-31,5.73,4.62,
1930-04-30,5.7,4.6,
1930-05-31,5.72,4.6,
1930-06-30,5.78,4.57,
1930-07-31,5.77,4.52,
1930-08-31,5.73,4.47,
1930-09-30,5.65,4.42,
1930-10-31,5.94,4.42,
1930-11-30,6.25,4.47,
1930-12-31,6.71,4.52,
1931-01-31,6.41,4.42,
1931-02-28,6.38,4.43,
1931-03-31,6.44,4.39,
1931-04-30,6.72,4.4,
1931-05-31,7.15,4.37,
1931-06-30,7.36,4.36,
1931-07-31,7.08,4.36,
1931-08-31,7.47,4.4,
1931-09-30,8.07,4.55,
1931-10-31,9.04,4.99,
1931-11-30,8.93,4.94,
1931-12-31,10.42,5.32,
1932-01-31,9.13,5.2,
1932-02-29,8.87,5.23,
1932-03-31,8.83,4.98,
1932-04-30,10.46,5.17,
1932-05-31,11.0,5.36,
1932-06-30,11.0,5.41,
1932-07-31,10.79,5.26,
1932-08-31,8.22,4.91,
1932-09-30,7.61,4.7,
1932-10-31,7.87,4.64,
1932-11-30,8.24,4.63,
1932-12-31,8.42,4.59,
1933-01-31,8.01,4.44,
1933-02-28,8.37,4.48,
1933-03-31,8.91,4.68,
1933-04-30,9.12,4.78,
1933-05-31,7.74,4.63,
1933-06-30,7.07,4.46,
1933-07-31,6.62,4.36,
1933-08-31,6.77,4.3,
1933-09-30,7.27,4.36,
1933-10-31,7.49,4.34,
1933-11-30,7.98,4.54,
1933-12-31,7.75,4.5,
1934-01-31,7.01,4.35,
1934-02-28,6.27,4.2,
1934-03-31,6.26,4.13,
1934-04-30,6.01,4.07,
1934-05-31,6.05,4.01,
1934-06-30,6.06,3.93,
1934-07-31,6.13,3.89,
1934-08-31,6.49,3.93,
1934-09-30,6.57,3.96,
1934-10-31,6.4,3.9,
1934-11-30,6.37,3.86,
1934-12-31,6.23,3.81,
1935-01-31,5.98,3.77,
1935-02-28,5.95,3.69,
1935-03-31,6.2,3.67,
1935-04-30,6.13,3.66,
1935-05-31,5.94,3.65,
1935-06-30,5.77,3.61,
1935-07-31,5.67,3.56,
1935-08-31,5.58,3.6,
1935-09-30,5.53,3.59,
1935-10-31,5.54,3.52,
1935-11-30,5.43,3.47,
1935-12-31,5.3,3.44,
1936-01-31,5.0,3.37,
1936-02-29,4.8,3.32,
1936-03-31,4.86,3.29,
1936-04-30,4.91,3.29,
1936-05-31,4.94,3.27,
1936-06-30,4.9,3.24,
1936-07-31,4.84,3.23,
1936-08-31,4.74,3.21,
1936-09-30,4.62,3.18,
1936-10-31,4.54,3.18,
1936-11-30,4.52,3.15,
1936-12-31,4.53,3.1,
1937-01-31,4.49,3.1,
1937-02-28,4.53,3.22,
1937-03-31,4.68,3.32,
1937-04-30,4.84,3.42,
1937-05-31,4.84,3.33,
1937-06-30,4.93,3.28,
1937-07-31,4.91,3.25,
1937-08-31,4.92,3.24,
1937-09-30,5.16,3.28,
1937-10-31,5.52,3.27,
1937-11-30,5.82,3.24,
1937-12-31,5.73,3.21,
1938-01-31,5.89,3.17,
1938-02-28,5.97,3.2,
1938-03-31,6.3,3.22,
1938-04-30,6.47,3.3,
1938-05-31,6.06,3.22,
1938-06-30,6.25,3.26,
1938-07-31,5.63,3.22,
1938-08-31,5.49,3.18,
1938-09-30,5.65,3.21,
1938-10-31,5.36,3.15,
1938-11-30,5.23,3.1,
1938-12-31,5.27,3.08,
1939-01-31,5.12,3.01,
1939-02-28,5.05,3.0,
1939-03-31,4.89,2.99,
1939-04-30,5.15,3.02,
1939-05-31,5.07,2.97,
1939-06-30,4.91,2.92,
1939-07-31,4.84,2.89,
1939-08-31,4.85,2.93,
1939-09-30,5.0,3.25,
1939-10-31,4.88,3.15,
1939-11-30,4.85,3.0,
1939-12-31,4.92,2.94,
1940-01-31,4.86,2.88,
1940-02-29,4.83,2.86,
1940-03-31,4.8,2.84,
1940-04-30,4.74,2.82,
1940-05-31,4.94,2.93,
1940-06-30,5.11,2.96,
1940-07-31,4.8,2.88,
1940-08-31,4.76,2.85,
1940-09-30,4.66,2.82,
1940-10-31,4.56,2.79,
1940-11-30,4.48,2.75,
1940-12-31,4.45,2.71,
1941-01-31,4.38,2.75,
1941-02-28,4.42,2.78,
1941-03-31,4.38,2.8,
1941-04-30,4.33,2.82,
1941-05-31,4.32,2.81,
1941-06-30,4.31,2.77,
1941-07-31,4.28,2.74,
1941-08-31,4.27,2.74,
1941-09-30,4.3,2.75,
1941-10-31,4.28,2.73,
1941-11-30,4.28,2.72,
1941-12-31,4.38,2.8,
1942-01-31,4.29,2.83,
1942-02-28,4.29,2.85,
1942-03-31,4.3,2.86,
1942-04-30,4.26,2.83,
1942-05-31,4.27,2.85,
1942-06-30,4.33,2.85,
1942-07-31,4.3,2.83,
1942-08-31,4.28,2.81,
1942-09-30,4.26,2.8,
1942-10-31,4.24,2.8,
1942-11-30,4.25,2.79,
1942-12-31,4.28,2.81,
1943-01-31,4.16,2.79,
1943-02-28,4.08,2.77,
1943-03-31,4.01,2.76,
1943-04-30,3.96,2.76,
1943-05-31,3.91,2.74,
1943-06-30,3.88,2.72,
1943-07-31,3.81,2.69,
1943-08-31,3.81,2.69,
1943-09-30,3.83,2.69,
1943-10-31,3.82,2.7,
1943-11-30,3.83,2.71,
1943-12-31,3.82,2.74,
1944-01-31,3.76,2.72,
1944-02-29,3.72,2.74,
1944-03-31,3.7,2.74,
1944-04-30,3.68,2.74,
1944-05-31,3.63,2.73,
1944-06-30,3.59,2.73,
1944-07-31,3.57,2.72,
1944-08-31,3.55,2.71,
1944-09-30,3.56,2.72,
1944-10-31,3.55,2.72,
1944-11-30,3.53,2.72,
1944-12-31,3.49,2.7,
1945-01-31,3.46,2.69,
1945-02-28,3.41,2.65,
1945-03-31,3.38,2.62,
1945-04-30,3.36,2.61,
1945-05-31,3.32,2.62,
1945-06-30,3.29,2.61,
1945-07-31,3.26,2.6,
1945-08-31,3.26,2.61,
1945-09-30,3.24,2.62,
1945-10-31,3.2,2.62,
1945-11-30,3.15,2.62,
1945-12-31,3.1,2.61,
1946-01-31,3.01,2.54,
1946-02-28,2.95,2.48,
1946-03-31,2.94,2.47,
1946-04-30,2.96,2.46,
1946-05-31,3.02,2.51,
1946-06-30,3.03,2.49,
1946-07-31,3.03,2.48,
1946-08-31,3.03,2.51,
1946-09-30,3.1,2.58,
1946-10-31,3.15,2.6,
1946-11-30,3.17,2.59,
1946-12-31,3.17,2.61,
1947-01-31,3.13,2.57,
1947-02-28,3.12,2.55,
1947-03-31,3.15,2.55,
1947-04-30,3.16,2.53,
1947-05-31,3.17,2.53,
1947-06-30,3.21,2.55,
1947-07-31,3.18,2.55,
1947-08-31,3.17,2.56,
1947-09-30,3.23,2.61,
1947-10-31,3.35,2.7,
1947-11-30,3.44,2.77,
1947-12-31,3.52,2.86,
1948-01-31,3.52,2.86,
1948-02-29,3.53,2.85,
1948-03-31,3.53,2.83,
1948-04-30,3.47,2.78,
1948-05-31,3.38,2.76,
1948-06-30,3.34,2.76,
1948-07-31,3.37,2.81,
1948-08-31,3.44,2.84,
1948-09-30,3.45,2.84,
1948-10-31,3.5,2.84,
1948-11-30,3.53,2.84,
1948-12-31,3.53,2.79,
1949-01-31,3.46,2.71,
1949-02-28,3.45,2.71,
1949-03-31,3.47,2.7,
1949-04-30,3.45,2.7,
1949-05-31,3.45,2.71,
1949-06-30,3.47,2.71,
1949-07-31,3.46,2.67,
1949-08-31,3.4,2.62,
1949-09-30,3.37,2.6,
1949-10-31,3.36,2.61,
1949-11-30,3.35,2.6,
1949-12-31,3.31,2.58,
1950-01-31,3.24,2.57,
1950-02-28,3.24,2.58,
1950-03-31,3.24,2.58,
1950-04-30,3.23,2.6,
1950-05-31,3.25,2.61,
1950-06-30,3.28,2.62,
1950-07-31,3.32,2.65,
1950-08-31,3.23,2.61,
1950-09-30,3.21,2.64,
1950-10-31,3.22,2.67,
1950-11-30,3.22,2.67,
1950-12-31,3.2,2.67,
1951-01-31,3.17,2.66,
1951-02-28,3.16,2.66,
1951-03-31,3.23,2.78,
1951-04-30,3.35,2.87,
1951-05-31,3.4,2.89,
1951-06-30,3.49,2.94,
1951-07-31,3.53,2.94,
1951-08-31,3.5,2.88,
1951-09-30,3.46,2.84,
1951-10-31,3.5,2.89,
1951-11-30,3.56,2.96,
1951-12-31,3.61,3.01,
1952-01-31,3.59,2.98,
1952-02-29,3.53,2.93,
1952-03-31,3.51,2.96,
1952-04-30,3.5,2.93,
1952-05-31,3.49,2.93,
1952-06-30,3.5,2.94,
1952-07-31,3.5,2.95,
1952-08-31,3.51,2.94,
1952-09-30,3.52,2.95,
1952-10-31,3.54,3.01,
1952-11-30,3.53,2.98,
1952-12-31,3.51,2.97,
1953-01-31,3.51,3.02,
1953-02-28,3.53,3.07,
1953-03-31,3.57,3.12,
1953-04-30,3.65,3.23,
1953-05-31,3.78,3.34,
1953-06-30,3.86,3.4,
1953-07-31,3.86,3.28,
1953-08-31,3.85,3.24,
1953-09-30,3.88,3.29,
1953-10-31,3.82,3.16,
1953-11-30,3.75,3.11,
1953-12-31,3.74,3.13,
1954-01-31,3.71,3.06,
1954-02-28,3.61,2.95,
1954-03-31,3.51,2.86,
1954-04-30,3.47,2.85,
1954-05-31,3.47,2.88,
1954-06-30,3.49,2.9,
1954-07-31,3.5,2.89,
1954-08-31,3.49,2.87,
1954-09-30,3.47,2.89,
1954-10-31,3.46,2.87,
1954-11-30,3.45,2.89,
1954-12-31,3.45,2.9,
1955-01-31,3.45,2.93,
1955-02-28,3.47,2.93,
1955-03-31,3.48,3.02,
1955-04-30,3.49,3.01,
1955-05-31,3.5,3.04,
1955-06-30,3.51,3.05,
1955-07-31,3.52,3.06,
1955-08-31,3.56,3.11,
1955-09-30,3.59,3.13,
1955-10-31,3.59,3.1,
1955-11-30,3.58,3.1,
1955-12-31,3.62,3.15,
1956-01-31,3.6,3.11,
1956-02-29,3.58,3.08,
1956-03-31,3.6,3.1,
1956-04-30,3.68,3.24,
1956-05-31,3.73,3.28,
1956-06-30,3.76,3.26,
1956-07-31,3.8,3.28,
1956-08-31,3.93,3.43,
1956-09-30,4.07,3.56,
1956-10-31,4.17,3.59,
1956-11-30,4.24,3.69,
1956-12-31,4.37,3.75,
1957-01-31,4.49,3.77,
1957-02-28,4.47,3.67,
1957-03-31,4.43,3.66,
1957-04-30,4.44,3.67,
1957-05-31,4.52,3.74,
1957-06-30,4.63,3.91,
1957-07-31,4.73,3.99,
1957-08-31,4.82,4.1,
1957-09-30,4.93,4.12,
1957-10-31,4.99,4.1,
1957-11-30,5.09,4.08,
1957-12-31,5.03,3.81,
1958-01-31,4.83,3.6,
1958-02-28,4.66,3.59,
1958-03-31,4.68,3.63,
1958-04-30,4.67,3.6,
1958-05-31,4.62,3.57,
1958-06-30,4.55,3.57,
1958-07-31,4.53,3.67,
1958-08-31,4.67,3.85,
1958-09-30,4.87,4.09,
1958-10-31,4.92,4.11,
1958-11-30,4.87,4.09,
1958-12-31,4.85,4.08,
1959-01-31,4.87,4.12,
1959-02-28,4.89,4.14,
1959-03-31,4.85,4.13,
1959-04-30,4.86,4.23,
1959-05-31,4.96,4.37,
1959-06-30,5.04,4.46,
1959-07-31,5.08,4.47,
1959-08-31,5.09,4.43,
1959-09-30,5.18,4.52,
1959-10-31,5.28,4.57,
1959-11-30,5.26,4.56,
1959-12-31,5.28,4.58,
1960-01-31,5.34,4.61,
1960-02-29,5.34,4.56,
1960-03-31,5.25,4.49,
1960-04-30,5.2,4.45,
1960-05-31,5.28,4.46,
1960-06-30,5.26,4.45,
1960-07-31,5.22,4.41,
1960-08-31,5.08,4.28,
1960-09-30,5.01,4.25,
1960-10-31,5.11,4.3,
1960-11-30,5.08,4.31,
1960-12-31,5.1,4.35,
1961-01-31,5.1,4.32,
1961-02-28,5.07,4.27,
1961-03-31,5.02,4.22,
1961-04-30,5.01,4.25,
1961-05-31,5.01,4.27,
1961-06-30,5.03,4.33,
1961-07-31,5.09,4.41,
1961-08-31,5.11,4.45,
1961-09-30,5.12,4.45,
1961-10-31,5.13,4.42,
1961-11-30,5.11,4.39,
1961-12-31,5.1,4.42,
1962-01-31,5.08,4.42,
1962-02-28,5.07,4.42,
1962-03-31,5.04,4.39,
1962-04-30,5.02,4.33,
1962-05-31,5.0,4.28,
1962-06-30,5.02,4.28,
1962-07-31,5.05,4.34,
1962-08-31,5.06,4.35,
1962-09-30,5.03,4.32,
1962-10-31,4.99,4.28,
1962-11-30,4.96,4.25,
1962-12-31,4.92,4.24,
1963-01-31,4.91,4.21,
1963-02-28,4.89,4.19,
1963-03-31,4.88,4.19,
1963-04-30,4.87,4.21,
1963-05-31,4.85,4.22,
1963-06-30,4.84,4.23,
1963-07-31,4.84,4.26,
1963-08-31,4.83,4.29,
1963-09-30,4.84,4.31,
1963-10-31,4.83,4.32,
1963-11-30,4.84,4.33,
1963-12-31,4.85,4.35,
1964-01-31,4.83,4.39,
1964-02-29,4.83,4.36,
1964-03-31,4.83,4.38,
1964-04-30,4.85,4.4,
1964-05-31,4.85,4.41,
1964-06-30,4.85,4.41,
1964-07-31,4.83,4.4,
1964-08-31,4.82,4.41,
1964-09-30,4.82,4.42,
1964-10-31,4.81,4.42,
1964-11-30,4.81,4.43,
1964-12-31,4.81,4.44,
1965-01-31,4.8,4.43,
1965-02-28,4.78,4.41,
1965-03-31,4.78,4.42,
1965-04-30,4.8,4.43,
1965-05-31,4.81,4.44,
1965-06-30,4.85,4.46,
1965-07-31,4.88,4.48,
1965-08-31,4.88,4.49,
1965-09-30,4.91,4.52,
1965-10-31,4.93,4.56,
1965-11-30,4.95,4.6,
1965-12-31,5.02,4.68,
1966-01-31,5.06,4.74,
1966-02-28,5.12,4.78,
1966-03-31,5.32,4.92,
1966-04-30,5.41,4.96,
1966-05-31,5.48,4.98,
1966-06-30,5.58,5.07,
1966-07-31,5.68,5.16,
1966-08-31,5.83,5.31,
1966-09-30,6.09,5.49,
1966-10-31,6.1,5.41,
1966-11-30,6.13,5.35,
1966-12-31,6.18,5.39,
1967-01-31,5.97,5.2,
1967-02-28,5.82,5.03,
1967-03-31,5.85,5.13,
1967-04-30,5.83,5.11,
1967-05-31,5.96,5.24,
1967-06-30,6.15,5.44,
1967-07-31,6.26,5.58,
1967-08-31,6.33,5.62,
1967-09-30,6.4,5.65,
1967-10-31,6.52,5.82,
1967-11-30,6.72,6.07,
1967-12-31,6.93,6.19,
1968-01-31,6.84,6.17,
1968-02-29,6.8,6.1,
1968-03-31,6.85,6.11,
1968-04-30,6.97,6.21,
1968-05-31,7.03,6.27,
1968-06-30,7.07,6.28,
1968-07-31,6.98,6.24,
1968-08-31,6.82,6.02,
1968-09-30,6.79,5.97,
1968-10-31,6.84,6.09,
1968-11-30,7.01,6.19,
1968-12-31,7.23,6.45,
1969-01-31,7.32,6.59,
1969-02-28,7.3,6.66,
1969-03-31,7.51,6.85,
1969-04-30,7.54,6.89,
1969-05-31,7.52,6.79,
1969-06-30,7.7,6.98,
1969-07-31,7.84,7.08,
1969-08-31,7.86,6.97,
1969-09-30,8.05,7.14,
1969-10-31,8.22,7.33,
1969-11-30,8.25,7.35,
1969-12-31,8.65,7.72,
1970-01-31,8.86,7.91,
1970-02-28,8.78,7.93,
1970-03-31,8.63,7.84,
1970-04-30,8.7,7.83,
1970-05-31,8.98,8.11,
1970-06-30,9.25,8.48,
1970-07-31,9.4,8.44,
1970-08-31,9.44,8.13,
1970-09-30,9.39,8.09,
1970-10-31,9.33,8.03,
1970-11-30,9.38,8.05,
1970-12-31,9.12,7.64,
1971-01-31,8.74,7.36,
1971-02-28,8.39,7.08,
1971-03-31,8.46,7.21,
1971-04-30,8.45,7.25,
1971-05-31,8.62,7.53,
1971-06-30,8.75,7.64,
1971-07-31,8.76,7.64,
1971-08-31,8.76,7.59,
1971-09-30,8.59,7.44,
1971-10-31,8.48,7.39,
1971-11-30,8.38,7.26,
1971-12-31,8.38,7.25,
1972-01-31,8.23,7.19,
1972-02-29,8.23,7.27,
1972-03-31,8.24,7.24,
1972-04-30,8.24,7.3,
1972-05-31,8.23,7.3,
1972-06-30,8.2,7.23,
1972-07-31,8.23,7.21,
1972-08-31,8.19,7.19,
1972-09-30,8.09,7.22,
1972-10-31,8.06,7.21,
1972-11-30,7.99,7.12,
1972-12-31,7.93,7.08,
1973-01-31,7.9,7.15,
1973-02-28,7.97,7.22,
1973-03-31,8.03,7.29,
1973-04-30,8.09,7.26,
1973-05-31,8.06,7.29,
1973-06-30,8.13,7.37,
1973-07-31,8.24,7.45,
1973-08-31,8.53,7.68,
1973-09-30,8.63,7.63,
1973-10-31,8.41,7.6,
1973-11-30,8.42,7.67,
1973-12-31,8.48,7.68,
1974-01-31,8.48,7.83,
1974-02-28,8.53,7.85,
1974-03-31,8.62,8.01,
1974-04-30,8.87,8.25,
1974-05-31,9.05,8.37,
1974-06-30,9.27,8.47,
1974-07-31,9.48,8.72,
1974-08-31,9.77,9.0,
1974-09-30,10.18,9.24,
1974-10-31,10.48,9.27,
1974-11-30,10.6,8.89,
1974-12-31,10.63,8.89,
1975-01-31,10.81,8.83,
1975-02-28,10.65,8.62,
1975-03-31,10.48,8.67,
1975-04-30,10.58,8.95,
1975-05-31,10.69,8.9,
1975-06-30,10.62,8.77,
1975-07-31,10.55,8.84,
1975-08-31,10.59,8.95,
1975-09-30,10.61,8.95,
1975-10-31,10.62,8.86,
1975-11-30,10.56,8.78,
1975-12-31,10.56,8.79,
1976-01-31,10.41,8.6,
1976-02-29,10.24,8.55,
1976-03-31,10.12,8.52,
1976-04-30,9.94,8.4,
1976-05-31,9.86,8.58,
1976-06-30,9.89,8.62,
1976-07-31,9.82,8.56,
1976-08-31,9.64,8.45,
1976-09-30,9.4,8.38,
1976-10-31,9.29,8.32,
1976-11-30,9.23,8.25,
1976-12-31,9.12,7.98,
1977-01-31,9.08,7.96,
1977-02-28,9.12,8.04,
1977-03-31,9.12,8.1,
1977-04-30,9.07,8.04,
1977-05-31,9.01,8.05,
1977-06-30,8.91,7.95,
1977-07-31,8.87,7.94,
1977-08-31,8.82,7.98,
1977-09-30,8.8,7.92,
1977-10-31,8.89,8.04,
1977-11-30,8.95,8.08,
1977-12-31,8.99,8.19,
1978-01-31,9.17,8.41,
1978-02-28,9.2,8.47,
1978-03-31,9.22,8.47,
1978-04-30,9.32,8.56,
1978-05-31,9.49,8.69,
1978-06-30,9.6,8.76,
1978-07-31,9.6,8.88,
1978-08-31,9.48,8.69,
1978-09-30,9.42,8.69,
1978-10-31,9.59,8.89,
1978-11-30,9.83,9.03,
1978-12-31,9.94,9.16,
1979-01-31,10.13,9.25,
1979-02-28,10.08,9.26,
1979-03-31,10.26,9.37,
1979-04-30,10.33,9.38,
1979-05-31,10.47,9.5,
1979-06-30,10.38,9.29,
1979-07-31,10.29,9.2,
1979-08-31,10.35,9.23,
1979-09-30,10.54,9.44,
1979-10-31,11.4,10.13,
1979-11-30,11.99,10.76,
1979-12-31,12.06,10.74,
1980-01-31,12.42,11.09,
1980-02-29,13.57,12.38,
1980-03-31,14.45,12.96,
1980-04-30,14.19,12.04,
1980-05-31,13.17,10.99,
1980-06-30,12.71,10.58,
1980-07-31,12.65,11.07,
1980-08-31,13.15,11.64,
1980-09-30,13.7,12.02,
1980-10-31,14.23,12.31,
1980-11-30,14.64,12.97,
1980-12-31,15.14,13.21,
1981-01-31,15.03,12.81,
1981-02-28,15.37,13.35,
1981-03-31,15.34,13.33,
1981-04-30,15.56,13.88,
1981-05-31,15.95,14.32,
1981-06-30,15.8,13.75,
1981-07-31,16.17,14.38,
1981-08-31,16.34,14.89,
1981-09-30,16.92,15.49,
1981-10-31,17.11,15.4,
1981-11-30,16.39,14.22,
1981-12-31,16.55,14.23,
1982-01-31,17.1,15.18,
1982-02-28,17.18,15.27,
1982-03-31,16.82,14.58,
1982-04-30,16.78,14.46,
1982-05-31,16.64,14.26,
1982-06-30,16.92,14.81,
1982-07-31,16.8,14.61,
1982-08-31,16.32,13.71,
1982-09-30,15.63,12.94,
1982-10-31,14.73,12.12,
1982-11-30,14.3,11.68,
1982-12-31,14.14,11.83,
1983-01-31,13.94,11.79,
1983-02-28,13.95,12.01,
1983-03-31,13.61,11.73,
1983-04-30,13.29,11.51,
1983-05-31,13.09,11.46,
1983-06-30,13.37,11.74,
1983-07-31,13.39,12.15,
1983-08-31,13.64,12.51,
1983-09-30,13.55,12.37,
1983-10-31,13.46,12.25,
1983-11-30,13.61,12.41,
1983-12-31,13.75,12.57,
1984-01-31,13.65,12.2,
1984-02-29,13.59,12.08,
1984-03-31,13.99,12.57,
1984-04-30,14.31,12.81,
1984-05-31,14.74,13.28,
1984-06-30,15.05,13.55,
1984-07-31,15.15,13.44,
1984-08-31,14.63,12.87,
1984-09-30,14.35,12.66,
1984-10-31,13.94,12.63,
1984-11-30,13.48,12.29,
1984-12-31,13.4,12.13,
1985-01-31,13.26,12.08,
1985-02-28,13.23,12.13,
1985-03-31,13.69,12.56,
1985-04-30,13.51,12.23,
1985-05-31,13.15,11.72,
1985-06-30,12.4,10.94,
1985-07-31,12.43,10.97,
1985-08-31,12.5,11.05,
1985-09-30,12.48,11.07,
1985-10-31,12.36,11.02,
1985-11-30,11.99,10.55,
1985-12-31,11.58,10.16,
1986-01-31,11.44,10.05,2.29
1986-02-28,11.11,9.67,2.49
1986-03-31,10.5,9.0,2.92
1986-04-30,10.19,8.79,2.78
1986-05-31,10.29,9.09,2.36
1986-06-30,10.34,9.13,2.81
1986-07-31,10.16,8.88,2.91
1986-08-31,10.18,8.72,3.07
1986-09-30,10.2,8.89,2.75
1986-10-31,10.24,8.86,2.82
1986-11-30,10.07,8.68,2.85
1986-12-31,9.97,8.49,2.76
1987-01-31,9.72,8.36,2.5
1987-02-28,9.65,8.38,2.43
1987-03-31,9.61,8.36,2.19
1987-04-30,10.04,8.85,2.16
1987-05-31,10.51,9.33,2.08
1987-06-30,10.52,9.32,2.12
1987-07-31,10.61,9.42,2.11
1987-08-31,10.8,9.67,1.92
1987-09-30,11.31,10.18,1.91
1987-10-31,11.62,10.52,2.45
1987-11-30,11.23,10.01,2.24
1987-12-31,11.29,10.11,2.39
1988-01-31,11.07,9.88,2.51
1988-02-29,10.62,9.4,2.37
1988-03-31,10.57,9.39,2.19
1988-04-30,10.9,9.67,2.07
1988-05-31,11.04,9.9,1.93
1988-06-30,11.0,9.86,2.16
1988-07-31,11.11,9.96,2.07
1988-08-31,11.21,10.11,1.97
1988-09-30,10.9,9.82,1.62
1988-10-31,10.41,9.51,1.58
1988-11-30,10.48,9.45,1.55
1988-12-31,10.65,9.57,1.55
1989-01-31,10.65,9.62,1.56
1989-02-28,10.61,9.64,1.35
1989-03-31,10.67,9.8,1.31
1989-04-30,10.61,9.79,1.55
1989-05-31,10.46,9.57,1.7
1989-06-30,10.03,9.1,1.83
1989-07-31,9.87,8.93,1.99
1989-08-31,9.88,8.96,1.7
1989-09-30,9.91,9.01,1.62
1989-10-31,9.81,8.92,1.84
1989-11-30,9.81,8.89,1.99
1989-12-31,9.82,8.86,1.91
1990-01-31,9.94,8.99,1.68
1990-02-28,10.14,9.22,1.68
1990-03-31,10.21,9.37,1.58
1990-04-30,10.3,9.46,1.5
1990-05-31,10.41,9.47,1.71
1990-06-30,10.22,9.26,1.79
1990-07-31,10.2,9.24,1.77
1990-08-31,10.41,9.41,1.69
1990-09-30,10.64,9.56,1.94
1990-10-31,10.74,9.53,2.13
1990-11-30,10.62,9.3,2.27
1990-12-31,10.43,9.05,2.35
1991-01-31,10.45,9.04,2.3
1991-02-28,10.07,8.83,2.09
1991-03-31,10.09,8.93,1.96
1991-04-30,9.94,8.86,1.83
1991-05-31,9.86,8.86,1.77
1991-06-30,9.96,9.01,1.66
1991-07-31,9.89,9.0,1.6
1991-08-31,9.65,8.75,1.75
1991-09-30,9.51,8.61,1.94
1991-10-31,9.49,8.55,2.02
1991-11-30,9.45,8.48,2.06
1991-12-31,9.26,8.31,2.39
1992-01-31,9.13,8.2,1.9
1992-02-29,9.23,8.29,1.9
1992-03-31,9.25,8.35,1.7
1992-04-30,9.21,8.33,1.63
1992-05-31,9.13,8.28,1.77
1992-06-30,9.05,8.22,1.86
1992-07-31,8.84,8.07,1.97
1992-08-31,8.65,7.95,2.06
1992-09-30,8.62,7.92,2.29
1992-10-31,8.84,7.99,2.19
1992-11-30,8.96,8.1,2.0
1992-12-31,8.81,7.98,2.06
1993-01-31,8.67,7.91,2.11
1993-02-28,8.39,7.71,2.2
1993-03-31,8.15,7.58,2.18
1993-04-30,8.14,7.46,2.12
1993-05-31,8.21,7.43,2.1
1993-06-30,8.07,7.33,2.16
1993-07-31,7.93,7.17,2.05
1993-08-31,7.6,6.85,1.91
1993-09-30,7.34,6.66,2.0
1993-10-31,7.31,6.67,1.96
1993-11-30,7.66,6.93,1.91
1993-12-31,7.69,6.93,1.94
1994-01-31,7.65,6.92,1.85
1994-02-28,7.76,7.08,1.77
1994-03-31,8.13,7.48,1.59
1994-04-30,8.52,7.88,1.48
1994-05-31,8.62,7.99,1.51
1994-06-30,8.65,7.97,1.52
1994-07-31,8.8,8.11,1.49
1994-08-31,8.74,8.07,1.55
1994-09-30,8.98,8.34,1.5
1994-10-31,9.2,8.57,1.4
1994-11-30,9.32,8.68,1.3
1994-12-31,9.1,8.46,1.3
1995-01-31,9.08,8.46,1.33
1995-02-28,8.85,8.26,1.53
1995-03-31,8.7,8.12,1.49
1995-04-30,8.6,8.03,1.51
1995-05-31,8.2,7.65,1.66
1995-06-30,7.9,7.3,1.74
1995-07-31,8.04,7.41,1.72
1995-08-31,8.19,7.57,1.73
1995-09-30,7.93,7.32,1.71
1995-10-31,7.75,7.12,1.7
1995-11-30,7.68,7.02,1.81
1995-12-31,7.49,6.82,1.8
1996-01-31,7.47,6.81,1.82
1996-02-29,7.63,6.99,1.78
1996-03-31,8.03,7.35,1.78
1996-04-30,8.19,7.5,1.61
1996-05-31,8.3,7.62,1.48
1996-06-30,8.4,7.71,1.51
1996-07-31,8.35,7.65,1.5
1996-08-31,8.18,7.46,1.48
1996-09-30,8.35,7.66,1.5
1996-10-31,8.07,7.39,1.54
1996-11-30,7.79,7.1,1.65
1996-12-31,7.89,7.2,1.54
1997-01-31,8.09,7.42,1.5
1997-02-28,7.94,7.31,1.49
1997-03-31,8.18,7.55,1.4
1997-04-30,8.34,7.73,1.5
1997-05-31,8.2,7.58,1.51
1997-06-30,8.02,7.41,1.5
1997-07-31,7.75,7.14,1.54
1997-08-31,7.82,7.22,1.44
1997-09-30,7.7,7.15,1.54
1997-10-31,7.57,7.0,1.6
1997-11-30,7.42,6.87,1.52
1997-12-31,7.32,6.76,1.53
1998-01-31,7.19,6.61,1.68
1998-02-28,7.25,6.67,1.67
1998-03-31,7.32,6.72,1.67
1998-04-30,7.33,6.69,1.66
1998-05-31,7.3,6.69,1.63
1998-06-30,7.13,6.53,1.67
1998-07-31,7.15,6.55,1.71
1998-08-31,7.14,6.52,2.06
1998-09-30,7.09,6.4,2.57
1998-10-31,7.18,6.37,2.65
1998-11-30,7.34,6.41,2.45
1998-12-31,7.23,6.22,2.58
1999-01-31,7.29,6.24,2.55
1999-02-28,7.39,6.4,2.24
1999-03-31,7.53,6.62,2.31
1999-04-30,7.48,6.64,2.22
1999-05-31,7.72,6.93,2.18
1999-06-30,8.02,7.23,2.18
1999-07-31,7.95,7.19,2.19
1999-08-31,8.15,7.4,2.23
1999-09-30,8.2,7.39,2.3
1999-10-31,8.38,7.55,2.28
1999-11-30,8.15,7.36,1.99
1999-12-31,8.19,7.55,1.73
2000-01-31,8.33,7.78,1.68
2000-02-29,8.29,7.68,1.91
2000-03-31,8.37,7.68,2.3
2000-04-30,8.4,7.64,2.34
2000-05-31,8.9,7.99,2.52
2000-06-30,8.48,7.67,2.4
2000-07-31,8.35,7.65,2.27
2000-08-31,8.26,7.55,2.51
2000-09-30,8.35,7.62,2.54
2000-10-31,8.34,7.55,2.56
2000-11-30,8.28,7.45,2.64
2000-12-31,8.02,7.21,2.88
2001-01-31,7.93,7.15,2.62
2001-02-28,7.87,7.1,2.88
2001-03-31,7.84,6.98,3.04
2001-04-30,8.07,7.2,2.73
2001-05-31,8.07,7.29,2.65
2001-06-30,7.97,7.18,2.65
2001-07-31,7.97,7.13,2.78
2001-08-31,7.85,7.02,2.9
2001-09-30,8.03,7.17,3.42
2001-10-31,7.91,7.03,3.38
2001-11-30,7.81,6.97,3.1
2001-12-31,8.05,6.77,2.85
2002-01-31,7.87,6.55,2.85
2002-02-28,7.89,6.51,2.98
2002-03-31,8.11,6.81,2.81
2002-04-30,8.03,6.76,2.84
2002-05-31,8.09,6.75,2.98
2002-06-30,7.95,6.63,3.13
2002-07-31,7.9,6.53,3.25
2002-08-31,7.58,6.37,3.32
2002-09-30,7.4,6.15,3.76
2002-10-31,7.73,6.32,3.82
2002-11-30,7.62,6.31,3.38
2002-12-31,7.45,6.21,3.48
2003-01-31,7.35,6.17,3.16
2003-02-28,7.06,5.95,3.21
2003-03-31,6.95,5.89,3.04
2003-04-30,6.85,5.74,2.76
2003-05-31,6.38,5.22,2.85
2003-06-30,6.19,4.97,2.81
2003-07-31,6.62,5.49,2.58
2003-08-31,7.01,5.88,2.46
2003-09-30,6.79,5.72,2.57
2003-10-31,6.73,5.7,2.36
2003-11-30,6.66,5.65,2.33
2003-12-31,6.6,5.62,2.34
2004-01-31,6.44,5.54,2.19
2004-02-29,6.27,5.5,2.21
2004-03-31,6.11,5.33,2.29
2004-04-30,6.46,5.73,2.05
2004-05-31,6.75,6.04,2.03
2004-06-30,6.78,6.01,2.09
2004-07-31,6.62,5.82,2.1
2004-08-31,6.46,5.65,2.19
2004-09-30,6.27,5.46,2.11
2004-10-31,6.21,5.47,2.09
2004-11-30,6.2,5.52,1.95
2004-12-31,6.15,5.47,1.86
2005-01-31,6.02,5.36,1.75
2005-02-28,5.82,5.2,1.59
2005-03-31,6.06,5.4,1.64
2005-04-30,6.05,5.33,1.76
2005-05-31,6.01,5.15,1.9
2005-06-30,5.86,4.96,1.87
2005-07-31,5.95,5.06,1.67
2005-08-31,5.96,5.09,1.77
2005-09-30,6.03,5.13,1.81
2005-10-31,6.3,5.35,1.83
2005-11-30,6.39,5.42,1.89
2005-12-31,6.32,5.37,1.82
2006-01-31,6.24,5.29,1.78
2006-02-28,6.27,5.35,1.65
2006-03-31,6.41,5.53,1.69
2006-04-30,6.68,5.84,1.67
2006-05-31,6.75,5.95,1.66
2006-06-30,6.78,5.89,1.67
2006-07-31,6.76,5.85,1.68
2006-08-31,6.59,5.68,1.73
2006-09-30,6.43,5.51,1.72
2006-10-31,6.42,5.51,1.64
2006-11-30,6.2,5.33,1.64
2006-12-31,6.22,5.32,1.64
2007-01-31,6.34,5.4,1.57
2007-02-28,6.28,5.39,1.6
2007-03-31,6.27,5.3,1.75
2007-04-30,6.39,5.47,1.68
2007-05-31,6.39,5.47,1.6
2007-06-30,6.7,5.79,1.59
2007-07-31,6.65,5.73,1.85
2007-08-31,6.65,5.79,2.05
2007-09-30,6.59,5.74,2.0
2007-10-31,6.48,5.66,1.99
2007-11-30,6.4,5.44,2.47
2007-12-31,6.65,5.49,2.52
2008-01-31,6.54,5.33,2.96
2008-02-29,6.82,5.53,3.22
2008-03-31,6.89,5.51,3.45
2008-04-30,6.97,5.55,3.1
2008-05-31,6.93,5.57,3.0
2008-06-30,7.07,5.68,3.05
2008-07-31,7.16,5.67,3.22
2008-08-31,7.15,5.64,3.29
2008-09-30,7.31,5.65,4.0
2008-10-31,8.88,6.28,5.53
2008-11-30,9.21,6.12,6.1
2008-12-31,8.43,5.05,5.82
2009-01-31,8.14,5.05,5.38
2009-02-28,8.08,5.27,5.22
2009-03-31,8.42,5.5,5.74
2009-04-30,8.39,5.39,5.08
2009-05-31,8.06,5.54,4.29
2009-06-30,7.5,5.61,3.64
2009-07-31,7.09,5.41,3.11
2009-08-31,6.58,5.26,2.98
2009-09-30,6.31,5.13,2.86
2009-10-31,6.29,5.15,2.86
2009-11-30,6.32,5.19,2.99
2009-12-31,6.37,5.26,2.54
2010-01-31,6.25,5.26,2.57
2010-02-28,6.34,5.35,2.62
2010-03-31,6.27,5.27,2.47
2010-04-30,6.25,5.29,2.38
2010-05-31,6.05,4.96,2.89
2010-06-30,6.23,4.88,3.08
2010-07-31,6.01,4.72,2.91
2010-08-31,5.66,4.49,3.01
2010-09-30,5.66,4.53,3.05
2010-10-31,5.72,4.68,3.15
2010-11-30,5.92,4.87,3.03
2010-12-31,6.1,5.02,2.68
2011-01-31,6.09,5.04,2.68
2011-02-28,6.15,5.22,2.57
2011-03-31,6.03,5.13,2.58
2011-04-30,6.02,5.16,2.58
2011-05-31,5.78,4.96,2.65
2011-06-30,5.75,4.99,2.72
2011-07-31,5.76,4.93,2.77
2011-08-31,5.36,4.37,3.25
2011-09-30,5.27,4.09,3.3
2011-10-31,5.37,3.98,3.02
2011-11-30,5.14,3.87,3.24
2011-12-31,5.25,3.93,3.27
2012-01-31,5.23,3.85,3.24
2012-02-29,5.14,3.85,3.1
2012-03-31,5.23,3.99,3.07
2012-04-30,5.19,3.96,3.2
2012-05-31,5.07,3.8,3.4
2012-06-30,5.02,3.64,3.39
2012-07-31,4.87,3.4,3.27
2012-08-31,4.91,3.48,3.21
2012-09-30,4.84,3.49,3.07
2012-10-31,4.58,3.47,2.73
2012-11-30,4.51,3.5,2.95
2012-12-31,4.63,3.65,2.85
2013-01-31,4.73,3.8,2.82
2013-02-28,4.85,3.9,2.89
2013-03-31,4.85,3.93,2.96
2013-04-30,4.59,3.73,2.83
2013-05-31,4.73,3.89,2.79
2013-06-30,5.19,4.27,2.83
2013-07-31,5.32,4.34,2.68
2013-08-31,5.42,4.54,2.56
2013-09-30,5.47,4.64,2.75
2013-10-31,5.31,4.53,2.65
2013-11-30,5.38,4.63,2.61
2013-12-31,5.38,4.62,2.33
2014-01-31,5.19,4.49,2.4
2014-02-28,5.1,4.45,2.35
2014-03-31,5.06,4.38,2.26
2014-04-30,4.9,4.24,2.16
2014-05-31,4.76,4.16,2.22
2014-06-30,4.8,4.25,2.18
2014-07-31,4.73,4.16,2.17
2014-08-31,4.69,4.08,2.23
2014-09-30,4.8,4.11,2.29
2014-10-31,4.69,3.92,2.39
2014-11-30,4.79,3.92,2.52
2014-12-31,4.74,3.79,2.51
2015-01-31,4.45,3.46,2.61
2015-02-28,4.51,3.61,2.46
2015-03-31,4.54,3.64,2.55
2015-04-30,4.48,3.52,2.6
2015-05-31,4.89,3.98,2.72
2015-06-30,5.13,4.19,2.83
2015-07-31,5.2,4.15,2.94
2015-08-31,5.19,4.04,3.15
2015-09-30,5.34,4.07,3.29
2015-10-31,5.34,3.95,3.19
2015-11-30,5.46,4.06,3.2
2015-12-31,5.46,3.97,3.23
2016-01-31,5.45,4.0,3.48
2016-02-29,5.34,3.96,3.55
2016-03-31,5.13,3.82,3.12
2016-04-30,4.79,3.62,2.86
2016-05-31,4.68,3.65,2.84
2016-06-30,4.53,3.5,2.92
2016-07-31,4.22,3.28,2.71
2016-08-31,4.24,3.32,2.61
2016-09-30,4.31,3.41,2.69
2016-10-31,4.38,3.51,2.61
2016-11-30,4.71,3.86,2.45
2016-12-31,4.83,4.06,2.28
2017-01-31,4.66,3.92,2.23
2017-02-28,4.64,3.95,2.19
2017-03-31,4.68,4.01,2.24
2017-04-30,4.57,3.87,2.28
2017-05-31,4.55,3.85,2.23
2017-06-30,4.37,3.68,2.09
2017-07-31,4.39,3.7,2.06
2017-08-31,4.31,3.63,2.14
2017-09-30,4.3,3.63,2.0
2017-10-31,4.32,3.6,1.91
2017-11-30,4.27,3.57,1.88
2017-12-31,4.22,3.51,1.77
2018-01-31,4.26,3.55,1.56
2018-02-28,4.51,3.82,1.68
2018-03-31,4.64,3.87,1.85
2018-04-30,4.67,3.85,1.79
2018-05-31,4.83,4.0,1.89
2018-06-30,4.83,3.96,1.99
2018-07-31,4.79,3.87,1.83
2018-08-31,4.77,3.88,1.92
2018-09-30,4.88,3.98,1.84
2018-10-31,5.07,4.14,2.03
2018-11-30,5.22,4.22,2.27
2018-12-31,5.13,4.02,2.45
2019-01-31,5.12,3.93,2.38
2019-02-28,4.95,3.79,2.22
2019-03-31,4.84,3.77,2.26
2019-04-30,4.7,3.69,2.14
2019-05-31,4.63,3.67,2.37
2019-06-30,4.46,3.42,2.31
2019-07-31,4.28,3.29,2.13
2019-08-31,3.87,2.98,2.26
2019-09-30,3.91,3.03,2.2
2019-10-31,3.92,3.01,2.18
2019-11-30,3.94,3.06,2.08
2019-12-31,3.88,3.01,1.98
2020-01-31,3.77,2.94,2.13
2020-02-29,3.61,2.78,2.38
2020-03-31,4.29,3.02,3.93
2020-04-30,4.13,2.43,3.23
2020-05-31,3.95,2.5,3.08
2020-06-30,3.64,2.44,2.93
2020-07-31,3.31,2.14,2.6
2020-08-31,3.27,2.25,2.67
2020-09-30,3.36,2.31,2.75
2020-10-31,3.44,2.35,2.61
2020-11-30,3.3,2.3,2.29
2020-12-31,3.16,2.26,2.18
2021-01-31,3.24,2.45,2.17
2021-02-28,3.42,2.7,2.12
2021-03-31,3.74,3.04,2.03
2021-04-30,3.6,2.9,1.96
2021-05-31,3.62,2.96,1.99
2021-06-30,3.44,2.79,1.87
2021-07-31,3.24,2.57,1.95
2021-08-31,3.24,2.55,1.94
2021-09-30,3.23,2.53,1.85
2021-10-31,3.35,2.68,1.69
2021-11-30,3.28,2.62,1.81
2021-12-31,3.3,2.65,1.85
2022-01-31,3.58,2.93,1.93
2022-02-28,3.97,3.25,2.34
2022-03-31,4.29,3.43,1.93
2022-04-30,4.66,3.76,2.05
2022-05-31,5.12,4.13,2.18
2022-06-30,5.27,4.24,2.31
2022-07-31,5.21,4.06,2.36
2022-08-31,5.15,4.07,2.18
2022-09-30,5.69,4.59,2.24
2022-10-31,6.26,5.1,2.28
2022-11-30,6.07,4.9,2.15
2022-12-31,5.59,4.43,1.99
2023-01-31,5.5,4.4,1.9
2023-02-28,5.59,4.56,1.9
2023-03-31,5.71,4.6,2.11
2023-04-30,5.53,4.47,2.08
2023-05-31,5.77,4.67,2.16
2023-06-30,5.75,4.65,1.88
2023-07-31,5.74,4.66,1.77
2023-08-31,6.02,4.95,1.83
2023-09-30,6.16,5.13,1.78
2023-10-31,6.63,5.61,1.85
2023-11-30,6.29,5.28,1.67
2023-12-31,5.64,4.74,1.61
2024-01-31,5.68,4.87,1.61
2024-02-29,5.77,5.03,1.55
2024-03-31,5.75,5.01,1.5
2024-04-30,6.0,5.28,1.44
2024-05-31,5.95,5.25,1.46
2024-06-30,5.82,5.13,1.55
2024-07-31,5.84,5.12,1.68
2024-08-31,5.6,4.87,1.69
2024-09-30,5.42,4.68,1.63
2024-10-31,5.63,4.95,1.46
2024-11-30,5.78,5.14,1.44
2024-12-31,5.8,5.2,1.42
2025-01-31,6.08,5.46,1.45
2025-02-28,5.92,5.32,1.57
2025-03-31,5.93,5.29,1.76
2025-04-30,6.18,5.45,1.96
2025-05-31,6.29,5.54,1.84
2025-06-30,6.15,5.46,1.75
2025-07-31,6.1,5.45,1.67
2025-08-31,6.0,5.35,1.8
2025-09-30,5.83,5.21,1.67
2025-10-31,5.74,5.13,1.69
2025-11-30,5.86,5.26,1.78
2025-12-31,5.9,5.31,1.72
2026-01-31,,,1.73
