date,cpi,indpro,unrate,fedfunds,m2
1919-01-31,,4.8739,,,
1919-02-28,,4.6585,,,
1919-03-31,,4.5238,,,
1919-04-30,,4.6046,,,
1919-05-31,,4.6315,,,
1919-06-30,,4.9277,,,
1919-07-31,,5.2239,,,
1919-08-31,,5.3047,,,
1919-09-30,,5.197,,,
1919-10-31,,5.1432,,,
1919-11-30,,5.0624,,,
1919-12-31,,5.1432,,,
1920-01-31,,5.6279,,,
1920-02-29,,5.6279,,,
1920-03-31,,5.5201,,,
1920-04-30,,5.2239,,,
1920-05-31,,5.3586,,,
1920-06-30,,5.4124,,,
1920-07-31,,5.2778,,,
1920-08-31,,5.3047,,,
1920-09-30,,5.1162,,,
1920-10-31,,4.9008,,,
1920-11-30,,4.4969,,,
1920-12-31,,4.2276,,,
1921-01-31,,3.9853,,,
1921-02-28,,3.9045,,,
1921-03-31,,3.7968,,,
1921-04-30,,3.7968,,,
1921-05-31,,3.9045,,,
1921-06-30,,3.8776,,,
1921-07-31,,3.8506,,,
1921-08-31,,3.9853,,,
1921-09-30,,4.0122,,,
1921-10-31,,4.2545,,,
1921-11-30,,4.2007,,,
1921-12-31,,4.1738,,,
1922-01-31,,4.3353,,,
1922-02-28,,4.5238,,,
1922-03-31,,4.7662,,,
1922-04-30,,4.6046,,,
1922-05-31,,4.847,,,
1922-06-30,,5.0893,,,
1922-07-31,,5.0893,,,
1922-08-31,,4.9816,,,
1922-09-30,,5.2509,,,
1922-10-31,,5.5471,,,
1922-11-30,,5.7894,,,
1922-12-31,,5.951,,,
1923-01-31,,5.8163,,,
1923-02-28,,5.8971,,,
1923-03-31,,6.0856,,,
1923-04-30,,6.2203,,,
1923-05-31,,6.301,,,
1923-06-30,,6.2472,,,
1923-07-31,,6.1933,,,
1923-08-31,,6.0856,,,
1923-09-30,,5.951,,,
1923-10-31,,5.9241,,,
1923-11-30,,5.9241,,,
1923-12-31,,5.7894,,,
1924-01-31,,5.924,,,
1924-02-29,,6.0318,,,
1924-03-31,,5.9241,,,
1924-04-30,,5.7356,,,
1924-05-31,,5.4932,,,
1924-06-30,,5.2509,,,
1924-07-31,,5.1701,,,
1924-08-31,,5.3586,,,
1924-09-30,,5.5471,,,
1924-10-31,,5.6817,,,
1924-11-30,,5.7894,,,
1924-12-31,,5.951,,,
1925-01-31,,6.1395,,,
1925-02-28,,6.1395,,,
1925-03-31,,6.1395,,,
1925-04-30,,6.1933,,,
1925-05-31,,6.1664,,,
1925-06-30,,6.1125,,,
1925-07-31,,6.2741,,,
1925-08-31,,6.1664,,,
1925-09-30,,6.0856,,,
1925-10-31,,6.328,,,
1925-11-30,,6.4626,,,
1925-12-31,,6.5434,,,
1926-01-31,,6.4357,,,
1926-02-28,,6.4357,,,
1926-03-31,,6.5165,,,
1926-04-30,,6.5165,,,
1926-05-31,,6.4626,,,
1926-06-30,,6.5434,,,
1926-07-31,,6.5703,,,
1926-08-31,,6.6511,,,
1926-09-30,,6.7588,,,
1926-10-31,,6.7588,,,
1926-11-30,,6.7319,,,
1926-12-31,,6.705,,,
1927-01-31,,6.678,,,
1927-02-28,,6.7319,,,
1927-03-31,,6.8127,,,
1927-04-30,,6.6511,,,
1927-05-31,,6.705,,,
1927-06-30,,6.678,,,
1927-07-31,,6.5972,,,
1927-08-31,,6.5972,,,
1927-09-30,,6.4895,,,
1927-10-31,,6.3549,,,
1927-11-30,,6.3549,,,
1927-12-31,,6.3818,,,
1928-01-31,,6.5165,,,
1928-02-29,,6.5703,,,
1928-03-31,,6.6242,,,
1928-04-30,,6.5972,,,
1928-05-31,,6.678,,,
1928-06-30,,6.7319,,,
1928-07-31,,6.8127,,,
1928-08-31,,6.9473,,,
1928-09-30,,7.0012,,,
1928-10-31,,7.1358,,,
1928-11-30,,7.2704,,,
1928-12-31,,7.4051,,,
1929-01-31,,7.5128,,,
1929-02-28,,7.4858,,,
1929-03-31,,7.5128,,,
1929-04-30,,7.6474,,,
1929-05-31,,7.7821,,,
1929-06-30,,7.8359,,,
1929-07-31,,7.9436,,,
1929-08-31,,7.8628,,,
1929-09-30,,7.809,,,
1929-10-31,,7.6743,,,
1929-11-30,,7.2974,,,
1929-12-31,,6.9742,,,
1930-01-31,,6.9742,,,
1930-02-28,,6.9473,,,
1930-03-31,,6.8396,,,
1930-04-30,,6.7857,,,
1930-05-31,,6.678,,,
1930-06-30,,6.4895,,,
1930-07-31,,6.1933,,,
1930-08-31,,6.0587,,,
1930-09-30,,5.951,,,
1930-10-31,,5.7894,,,
1930-11-30,,5.6548,,,
1930-12-31,,5.5201,,,
1931-01-31,,5.4932,,,
1931-02-28,,5.5201,,,
1931-03-31,,5.6279,,,
1931-04-30,,5.6548,,,
1931-05-31,,5.574,,,
1931-06-30,,5.4394,,,
1931-07-31,,5.3586,,,
1931-08-31,,5.1701,,,
1931-09-30,,4.9277,,,
1931-10-31,,4.7392,,,
1931-11-30,,4.6854,,,
1931-12-31,,4.6585,,,
1932-01-31,,4.5238,,,
1932-02-29,,4.4161,,,
1932-03-31,,4.3623,,,
1932-04-30,,4.0661,,,
1932-05-31,,3.9314,,,
1932-06-30,,3.7968,,,
1932-07-31,,3.6891,,,
1932-08-31,,3.7968,,,
1932-09-30,,4.0391,,,
1932-10-31,,4.1738,,,
1932-11-30,,4.1738,,,
1932-12-31,,4.093,,,
1933-01-31,,4.0122,,,
1933-02-28,,4.0391,,,
1933-03-31,,3.7968,,,
1933-04-30,,4.0661,,,
1933-05-31,,4.7392,,,
1933-06-30,,5.4663,,,
1933-07-31,,5.9779,,,
1933-08-31,,5.7356,,,
1933-09-30,,5.4124,,,
1933-10-31,,5.1432,,,
1933-11-30,,4.847,,,
1933-12-31,,4.8739,,,
1934-01-31,,5.0354,,,
1934-02-28,,5.2778,,,
1934-03-31,,5.5201,,,
1934-04-30,,5.5201,,,
1934-05-31,,5.6278,,,
1934-06-30,,5.5201,,,
1934-07-31,,5.1432,,,
1934-08-31,,5.0893,,,
1934-09-30,,4.7931,,,
1934-10-31,,5.0085,,,
1934-11-30,,5.0624,,,
1934-12-31,,5.3855,,,
1935-01-31,,5.8163,,,
1935-02-28,,5.9241,,,
1935-03-31,,5.8971,,,
1935-04-30,,5.7894,,,
1935-05-31,,5.7894,,,
1935-06-30,,5.8702,,,
1935-07-31,,5.8702,,,
1935-08-31,,6.0856,,,
1935-09-30,,6.2472,,,
1935-10-31,,6.4357,,,
1935-11-30,,6.5703,,,
1935-12-31,,6.6511,,,
1936-01-31,,6.5434,,,
1936-02-29,,6.3818,,,
1936-03-31,,6.4626,,,
1936-04-30,,6.8665,,,
1936-05-31,,7.0012,,,
1936-06-30,,7.1358,,,
1936-07-31,,7.2704,,,
1936-08-31,,7.3781,,,
1936-09-30,,7.5128,,,
1936-10-31,,7.6205,,,
1936-11-30,,7.8359,,,
1936-12-31,,8.0783,,,
1937-01-31,,8.0513,,,
1937-02-28,,8.159,,,
1937-03-31,,8.3475,,,
1937-04-30,,8.3475,,,
1937-05-31,,8.3745,,,
1937-06-30,,8.2667,,,
1937-07-31,,8.3206,,,
1937-08-31,,8.2667,,,
1937-09-30,,7.9975,,,
1937-10-31,,7.4051,,,
1937-11-30,,6.678,,,
1937-12-31,,6.0856,,,
1938-01-31,,5.951,,,
1938-02-28,,5.8971,,,
1938-03-31,,5.8971,,,
1938-04-30,,5.7894,,,
1938-05-31,,5.6548,,,
1938-06-30,,5.7086,,,
1938-07-31,,6.0318,,,
1938-08-31,,6.3549,,,
1938-09-30,,6.5434,,,
1938-10-31,,6.705,,,
1938-11-30,,6.9742,,,
1938-12-31,,7.055,,,
1939-01-31,,7.055,,,
1939-02-28,,7.1089,,,
1939-03-31,,7.1358,,,
1939-04-30,,7.1089,,,
1939-05-31,,7.0819,,,
1939-06-30,,7.2435,,,
1939-07-31,,7.4589,,,
1939-08-31,,7.5666,,,
1939-09-30,,8.0244,,,
1939-10-31,,8.4283,,,
1939-11-30,,8.6437,,,
1939-12-31,,8.6437,,,
1940-01-31,,8.536,,,
1940-02-29,,8.2667,,,
1940-03-31,,8.0783,,,
1940-04-30,,8.2398,,,
1940-05-31,,8.4822,,,
1940-06-30,,8.7514,,,
1940-07-31,,8.8592,,,
1940-08-31,,8.913,,,
1940-09-30,,9.1015,,,
1940-10-31,,9.2361,,,
1940-11-30,,9.4516,,,
1940-12-31,,9.7747,,,
1941-01-31,,10.017,,,
1941-02-28,,10.3132,,,
1941-03-31,,10.6364,,,
1941-04-30,,10.6633,,,
1941-05-31,,11.148,,,
1941-06-30,,11.2288,,,
1941-07-31,,11.3634,,,
1941-08-31,,11.4981,,,
1941-09-30,,11.4981,,,
1941-10-31,,11.6058,,,
1941-11-30,,11.6596,,,
1941-12-31,,11.8481,,,
1942-01-31,,12.0905,,,
1942-02-28,,12.3059,,,
1942-03-31,,12.4405,,,
1942-04-30,,12.0905,,,
1942-05-31,,12.1174,,,
1942-06-30,,12.1443,,,
1942-07-31,,12.4405,,,
1942-08-31,,12.8175,,,
1942-09-30,,13.1137,,,
1942-10-31,,13.5445,,,
1942-11-30,,13.8677,,,
1942-12-31,,14.1908,,,
1943-01-31,,14.3255,,,
1943-02-28,,14.7024,,,
1943-03-31,,14.8102,,,
1943-04-30,,14.9986,,,
1943-05-31,,15.1063,,,
1943-06-30,,15.0256,,,
1943-07-31,,15.4833,,,
1943-08-31,,15.8064,,,
1943-09-30,,16.2104,,,
1943-10-31,,16.4527,,,
1943-11-30,,16.6681,,,
1943-12-31,,16.4527,,,
1944-01-31,,16.6412,,,
1944-02-29,,16.7758,,,
1944-03-31,,16.7489,,,
1944-04-30,,16.7489,,,
1944-05-31,,16.6412,,,
1944-06-30,,16.5874,,,
1944-07-31,,16.5604,,,
1944-08-31,,16.7758,,,
1944-09-30,,16.6681,,,
1944-10-31,,16.722,,,
1944-11-30,,16.5873,,,
1944-12-31,,16.5335,,,
1945-01-31,,16.3719,,,
1945-02-28,,16.3181,,,
1945-03-31,,16.2104,,,
1945-04-30,,15.9142,,,
1945-05-31,,15.4833,,,
1945-06-30,,15.1333,,,
1945-07-31,,14.7832,,,
1945-08-31,,13.2483,,,
1945-09-30,,12.0635,,,
1945-10-31,,11.5788,,,
1945-11-30,,12.0097,,,
1945-12-31,,12.0635,,,
1946-01-31,,11.3903,,,
1946-02-28,,10.8249,,,
1946-03-31,,11.9558,,,
1946-04-30,,11.7404,,,
1946-05-31,,11.3096,,,
1946-06-30,,12.0097,,,
1946-07-31,,12.4136,,,
1946-08-31,,12.8714,,,
1946-09-30,,13.1137,,,
1946-10-31,,13.356,,,
1946-11-30,,13.4368,,,
1946-12-31,,13.5176,,,
1947-01-31,21.48,13.6792,,,
1947-02-28,21.62,13.76,,,
1947-03-31,22.0,13.8407,,,
1947-04-30,22.0,13.733,,,
1947-05-31,21.95,13.7869,,,
1947-06-30,22.08,13.7869,,,
1947-07-31,22.23,13.7061,,,
1947-08-31,22.4,13.7869,,,
1947-09-30,22.84,13.8946,,,
1947-10-31,22.91,14.0292,,,
1947-11-30,23.06,14.2177,,,
1947-12-31,23.41,14.2716,,,
1948-01-31,23.68,14.3524,3.4,,
1948-02-29,23.67,14.3793,3.8,,
1948-03-31,23.5,14.2177,4.0,,
1948-04-30,23.82,14.2447,3.9,,
1948-05-31,24.01,14.487,3.5,,
1948-06-30,24.15,14.6755,3.6,,
1948-07-31,24.4,14.6755,3.6,,
1948-08-31,24.43,14.6216,3.9,,
1948-09-30,24.36,14.5139,3.8,,
1948-10-31,24.31,14.6217,3.7,,
1948-11-30,24.16,14.4332,3.8,,
1948-12-31,24.05,14.2985,4.0,,
1949-01-31,24.01,14.1639,4.3,,
1949-02-28,23.91,14.0292,4.7,,
1949-03-31,23.91,13.76,5.0,,
1949-04-30,23.92,13.6792,5.3,,
1949-05-31,23.91,13.4907,6.1,,
1949-06-30,23.92,13.4638,6.2,,
1949-07-31,23.7,13.4368,6.7,,
1949-08-31,23.7,13.5715,6.8,,
1949-09-30,23.75,13.7061,6.6,,
1949-10-31,23.67,13.1945,7.9,,
1949-11-30,23.7,13.5446,6.4,,
1949-12-31,23.61,13.7869,6.6,,
1950-01-31,23.51,14.0292,6.5,,
1950-02-28,23.61,14.0831,6.4,,
1950-03-31,23.64,14.5409,6.3,,
1950-04-30,23.65,15.0255,5.8,,
1950-05-31,23.77,15.3756,5.5,,
1950-06-30,23.88,15.8334,5.4,,
1950-07-31,24.07,16.345,5.0,,
1950-08-31,24.2,16.8566,4.5,,
1950-09-30,24.34,16.7489,4.4,,
1950-10-31,24.5,16.8566,4.2,,
1950-11-30,24.6,16.8297,4.2,,
1950-12-31,24.98,17.1259,4.3,,
1951-01-31,25.38,17.1797,3.7,,
1951-02-28,25.83,17.2875,3.4,,
1951-03-31,25.88,17.3682,3.4,,
1951-04-30,25.92,17.3952,3.1,,
1951-05-31,25.99,17.3413,3.0,,
1951-06-30,25.93,17.2605,3.2,,
1951-07-31,25.91,16.9913,3.1,,
1951-08-31,25.86,16.8297,3.1,,
1951-09-30,26.03,16.9374,3.3,,
1951-10-31,26.16,16.9105,3.5,,
1951-11-30,26.32,17.0451,3.5,,
1951-12-31,26.47,17.1528,3.1,,
1952-01-31,26.45,17.3413,3.2,,
1952-02-29,26.41,17.449,3.1,,
1952-03-31,26.39,17.5029,2.9,,
1952-04-30,26.46,17.3413,2.9,,
1952-05-31,26.47,17.1798,3.0,,
1952-06-30,26.53,17.0182,3.0,,
1952-07-31,26.68,16.7489,3.2,,
1952-08-31,26.69,17.826,3.4,,
1952-09-30,26.63,18.4723,3.1,,
1952-10-31,26.69,18.6608,3.0,,
1952-11-30,26.69,19.0378,2.8,,
1952-12-31,26.71,19.1455,2.7,,
1953-01-31,26.64,19.1993,2.9,,
1953-02-28,26.59,19.307,2.6,,
1953-03-31,26.63,19.4686,2.6,,
1953-04-30,26.69,19.5494,2.7,,
1953-05-31,26.7,19.6571,2.5,,
1953-06-30,26.77,19.5763,2.5,,
1953-07-31,26.79,19.8187,2.6,,
1953-08-31,26.85,19.7109,2.7,,
1953-09-30,26.89,19.307,2.9,,
1953-10-31,26.95,19.1455,3.1,,
1953-11-30,26.85,18.6877,3.5,,
1953-12-31,26.87,18.2299,4.5,,
1954-01-31,26.94,18.0953,4.9,,
1954-02-28,26.99,18.1492,5.2,,
1954-03-31,26.93,18.0414,5.7,,
1954-04-30,26.86,17.9337,5.9,,
1954-05-31,26.93,18.0414,5.9,,
1954-06-30,26.94,18.0953,5.6,,
1954-07-31,26.86,18.1222,5.8,0.8,
1954-08-31,26.85,18.0953,6.0,1.22,
1954-09-30,26.81,18.1222,6.1,1.07,
1954-10-31,26.72,18.3377,5.7,0.85,
1954-11-30,26.78,18.6338,5.3,0.83,
1954-12-31,26.77,18.8762,5.0,1.28,
1955-01-31,26.77,19.307,4.9,1.39,
1955-02-28,26.82,19.5494,4.7,1.29,
1955-03-31,26.79,20.0071,4.6,1.35,
1955-04-30,26.79,20.2495,4.7,1.43,
1955-05-31,26.77,20.5726,4.3,1.43,
1955-06-30,26.71,20.5996,4.2,1.64,
1955-07-31,26.76,20.7611,4.0,1.68,
1955-08-31,26.72,20.7342,4.2,1.96,
1955-09-30,26.85,20.8688,4.1,2.18,
1955-10-31,26.82,21.2189,4.3,2.24,
1955-11-30,26.88,21.2727,4.2,2.35,
1955-12-31,26.87,21.3535,4.2,2.48,
1956-01-31,26.83,21.4882,4.0,2.45,
1956-02-29,26.86,21.2997,3.9,2.5,
1956-03-31,26.89,21.2997,4.2,2.5,
1956-04-30,26.93,21.4612,4.0,2.62,
1956-05-31,27.03,21.2728,4.3,2.75,
1956-06-30,27.15,21.0843,4.3,2.71,
1956-07-31,27.29,20.438,4.4,2.75,
1956-08-31,27.31,21.2727,4.1,2.73,
1956-09-30,27.35,21.7574,3.9,2.95,
1956-10-31,27.51,21.9459,3.9,2.96,
1956-11-30,27.51,21.7574,4.3,2.88,
1956-12-31,27.63,22.0806,4.2,2.94,
1957-01-31,27.67,21.9998,4.2,2.84,
1957-02-28,27.8,22.2152,3.9,3.0,
1957-03-31,27.86,22.1883,3.7,2.96,
1957-04-30,27.93,21.8921,3.9,3.0,
1957-05-31,28.0,21.8113,4.1,3.0,
1957-06-30,28.11,21.8652,4.3,3.0,
1957-07-31,28.19,21.9998,4.2,2.99,
1957-08-31,28.28,21.9998,4.1,3.24,
1957-09-30,28.32,21.8113,4.4,3.47,
1957-10-31,28.32,21.4882,4.5,3.5,
1957-11-30,28.41,20.9765,5.1,3.28,
1957-12-31,28.47,20.5726,5.2,2.98,
1958-01-31,28.64,20.1956,5.8,2.72,
1958-02-28,28.7,19.7648,6.4,1.67,
1958-03-31,28.87,19.5225,6.7,1.2,
1958-04-30,28.94,19.1993,7.4,1.26,
1958-05-31,28.94,19.3878,7.4,0.63,
1958-06-30,28.91,19.8994,7.3,0.93,
1958-07-31,28.89,20.1956,7.5,0.68,
1958-08-31,28.94,20.5995,7.4,1.53,
1958-09-30,28.91,20.7881,7.1,1.76,
1958-10-31,28.91,21.0304,6.7,1.8,
1958-11-30,28.95,21.6497,6.2,2.27,
1958-12-31,28.97,21.6767,6.2,2.42,
1959-01-31,29.01,21.9998,6.0,2.48,286.6
1959-02-28,29.0,22.4306,5.9,2.43,287.7
1959-03-31,28.97,22.7538,5.6,2.8,289.2
1959-04-30,28.98,23.2384,5.2,2.96,290.1
1959-05-31,29.04,23.5885,5.1,2.9,292.2
1959-06-30,29.11,23.6155,5.0,3.39,294.1
1959-07-31,29.15,23.05,5.1,3.47,295.2
1959-08-31,29.18,22.2691,5.2,3.5,296.4
1959-09-30,29.25,22.2421,5.5,3.76,296.7
1959-10-31,29.35,22.0806,5.7,3.98,296.5
1959-11-30,29.35,22.2152,5.8,4.0,297.1
1959-12-31,29.41,23.5885,5.3,3.99,297.8
1960-01-31,29.37,24.2078,5.2,3.99,298.2
1960-02-29,29.41,23.9924,4.8,3.97,298.4
1960-03-31,29.41,23.777,5.4,3.84,299.3
1960-04-30,29.54,23.5885,5.2,3.92,300.1
1960-05-31,29.57,23.5616,5.1,3.85,300.9
1960-06-30,29.61,23.2654,5.4,3.32,302.3
1960-07-31,29.55,23.1846,5.5,3.23,304.1
1960-08-31,29.61,23.1577,5.6,2.98,306.9
1960-09-30,29.61,22.9153,5.5,2.6,308.4
1960-10-31,29.75,22.8884,6.1,2.47,309.5
1960-11-30,29.78,22.5653,6.1,2.44,310.9
1960-12-31,29.81,22.1344,6.6,1.98,312.4
1961-01-31,29.84,22.1613,6.6,1.45,314.1
1961-02-28,29.84,22.1344,6.9,2.54,316.5
1961-03-31,29.84,22.2691,6.9,2.02,318.3
1961-04-30,29.81,22.7268,7.0,1.49,319.9
1961-05-31,29.84,23.0769,7.1,1.98,322.2
1961-06-30,29.84,23.4,6.9,1.73,324.3
1961-07-31,29.92,23.6693,7.0,1.17,325.6
1961-08-31,29.94,23.8847,6.6,2.0,327.6
1961-09-30,29.98,23.8578,6.7,1.88,329.5
1961-10-31,29.98,24.3156,6.5,2.26,331.1
1961-11-30,29.98,24.6926,6.1,2.61,333.4
1961-12-31,30.01,24.908,6.0,2.33,335.5
1962-01-31,30.04,24.6925,5.8,2.15,337.5
1962-02-28,30.11,25.0964,5.5,2.37,340.1
1962-03-31,30.17,25.2311,5.6,2.85,343.1
1962-04-30,30.21,25.285,5.6,2.78,345.5
1962-05-31,30.24,25.258,5.5,2.36,347.5
1962-06-30,30.21,25.2042,5.5,2.68,349.3
1962-07-31,30.22,25.4465,5.4,2.71,350.8
1962-08-31,30.28,25.4734,5.7,2.93,352.8
1962-09-30,30.42,25.635,5.6,2.9,354.9
1962-10-31,30.38,25.6619,5.4,2.9,357.2
1962-11-30,30.38,25.7696,5.7,2.94,359.8
1962-12-31,30.38,25.7696,5.5,2.93,362.7
1963-01-31,30.44,25.9581,5.7,2.92,365.2
1963-02-28,30.48,26.2544,5.9,3.0,367.9
1963-03-31,30.51,26.4159,5.7,2.98,370.7
1963-04-30,30.48,26.6582,5.7,2.9,373.3
1963-05-31,30.51,26.9814,5.9,3.0,376.1
1963-06-30,30.61,27.0622,5.6,2.99,378.4
1963-07-31,30.69,26.9545,5.6,3.02,381.1
1963-08-31,30.75,27.0083,5.4,3.49,383.6
1963-09-30,30.72,27.2776,5.5,3.48,386.0
1963-10-31,30.75,27.4661,5.5,3.5,388.3
1963-11-30,30.78,27.6007,5.7,3.48,391.5
1963-12-31,30.88,27.5469,5.5,3.38,393.2
1964-01-31,30.94,27.7892,5.6,3.48,395.2
1964-02-29,30.91,27.9777,5.4,3.48,397.6
1964-03-31,30.94,27.9777,5.4,3.43,399.8
1964-04-30,30.95,28.4355,5.3,3.47,401.7
1964-05-31,30.98,28.597,5.1,3.5,404.2
1964-06-30,31.01,28.6778,5.2,3.5,407.1
1964-07-31,31.02,28.8663,4.9,3.42,410.1
1964-08-31,31.05,29.0548,5.0,3.5,413.4
1964-09-30,31.08,29.1625,5.1,3.45,416.9
1964-10-31,31.12,28.7586,5.1,3.36,419.1
1964-11-30,31.21,29.6472,4.8,3.52,422.0
1964-12-31,31.25,29.9973,5.0,3.85,424.7
1965-01-31,31.28,30.3204,4.9,3.9,427.5
1965-02-28,31.28,30.5089,5.1,3.98,430.4
1965-03-31,31.31,30.9128,4.7,4.05,433.2
1965-04-30,31.38,31.0474,4.8,4.09,435.4
1965-05-31,31.48,31.2898,4.6,4.1,437.1
1965-06-30,31.61,31.5321,4.6,4.05,440.1
1965-07-31,31.58,31.8283,4.4,4.09,442.9
1965-08-31,31.55,31.963,4.4,4.12,445.8
1965-09-30,31.62,32.0438,4.3,4.02,449.5
1965-10-31,31.65,32.3669,4.2,4.08,452.6
1965-11-30,31.75,32.5015,4.1,4.1,455.7
1965-12-31,31.85,32.9054,4.0,4.32,459.2
1966-01-31,31.88,33.2286,4.0,4.42,462.0
1966-02-28,32.08,33.444,3.8,4.6,464.6
1966-03-31,32.18,33.9018,3.8,4.66,467.2
1966-04-30,32.28,33.9556,3.8,4.67,469.3
1966-05-31,32.35,34.2787,3.9,4.9,470.1
1966-06-30,32.38,34.4403,3.8,5.17,471.2
1966-07-31,32.45,34.6288,3.8,5.3,470.9
1966-08-31,32.65,34.6557,3.8,5.53,472.6
1966-09-30,32.75,34.9789,3.7,5.4,475.4
1966-10-31,32.85,35.2212,3.7,5.53,475.7
1966-11-30,32.88,34.9788,3.6,5.76,477.3
1966-12-31,32.92,35.0596,3.8,5.4,480.2
1967-01-31,32.9,35.225,3.9,4.94,481.6
1967-02-28,33.0,34.8255,3.8,5.0,485.1
1967-03-31,33.0,34.6292,3.8,4.53,489.7
1967-04-30,33.1,34.9558,3.8,4.05,492.1
1967-05-31,33.1,34.6508,3.8,3.94,497.2
1967-06-30,33.3,34.6465,3.9,3.98,502.0
1967-07-31,33.4,34.5676,3.8,3.79,506.3
1967-08-31,33.5,35.2299,3.8,3.9,510.8
1967-09-30,33.6,35.1727,3.8,3.99,514.7
1967-10-31,33.7,35.4591,4.0,3.88,518.2
1967-11-30,33.9,35.9663,3.9,4.13,521.2
1967-12-31,34.0,36.3536,3.8,4.51,524.8
1968-01-31,34.1,36.3145,3.7,4.61,527.4
1968-02-29,34.2,36.4446,3.8,4.71,530.4
1968-03-31,34.3,36.5584,3.7,5.05,533.2
1968-04-30,34.4,36.6113,3.5,5.76,535.7
1968-05-31,34.5,37.022,3.5,6.12,538.9
1968-06-30,34.7,37.158,3.7,6.07,542.6
1968-07-31,34.9,37.101,3.7,6.03,545.6
1968-08-31,35.0,37.2045,3.5,6.03,549.4
1968-09-30,35.1,37.3454,3.4,5.78,553.6
1968-10-31,35.3,37.4196,3.4,5.91,557.6
1968-11-30,35.4,37.9036,3.4,5.82,562.4
1968-12-31,35.6,38.0233,3.4,6.02,566.8
1969-01-31,35.7,38.2533,3.4,6.3,569.3
1969-02-28,35.8,38.4981,3.4,6.61,571.9
1969-03-31,36.1,38.8,3.4,6.79,574.4
1969-04-30,36.3,38.6573,3.4,7.41,575.7
1969-05-31,36.4,38.5111,3.4,8.67,576.5
1969-06-30,36.6,38.8874,3.5,8.9,578.5
1969-07-31,36.8,39.0927,3.5,8.61,579.5
1969-08-31,36.9,39.1825,3.5,9.19,580.1
1969-09-30,37.1,39.1737,3.7,9.15,582.1
1969-10-31,37.3,39.1852,3.7,9.0,583.4
1969-11-30,37.5,38.8158,3.5,8.85,585.4
1969-12-31,37.7,38.7116,3.5,8.97,587.9
1970-01-31,37.9,37.9948,3.9,8.98,589.6
1970-02-28,38.1,37.9698,4.2,8.98,586.3
1970-03-31,38.3,37.9205,4.4,7.76,587.3
1970-04-30,38.5,37.823,4.6,8.1,588.4
1970-05-31,38.6,37.7789,4.8,7.95,591.5
1970-06-30,38.8,37.6567,4.9,7.61,595.2
1970-07-31,38.9,37.7491,5.0,7.21,599.1
1970-08-31,39.0,37.6818,5.1,6.62,604.9
1970-09-30,39.2,37.4221,5.4,6.29,611.2
1970-10-31,39.4,36.6735,5.5,6.2,616.4
1970-11-30,39.6,36.4514,5.9,5.6,621.1
1970-12-31,39.8,37.2885,6.1,4.9,626.5
1971-01-31,39.9,37.5753,5.9,4.14,632.9
1971-02-28,39.9,37.5037,5.9,3.72,641.0
1971-03-31,40.0,37.4631,6.0,3.71,649.9
1971-04-30,40.1,37.6735,5.9,4.16,658.4
1971-05-31,40.3,37.8646,5.9,4.63,666.7
1971-06-30,40.5,38.0234,5.9,4.91,673.0
1971-07-31,40.6,37.9131,6.0,5.31,679.6
1971-08-31,40.7,37.693,6.1,5.57,685.5
1971-09-30,40.8,38.3056,6.0,5.55,692.5
1971-10-31,40.9,38.5924,5.8,5.2,698.4
1971-11-30,41.0,38.7561,6.0,4.91,704.6
1971-12-31,41.1,39.2035,6.0,4.14,710.3
1972-01-31,41.2,40.1408,5.8,3.51,717.7
1972-02-29,41.4,40.5459,5.7,3.3,725.7
1972-03-31,41.4,40.8263,5.8,3.83,733.5
1972-04-30,41.5,41.2348,5.7,4.17,738.4
1972-05-31,41.6,41.2405,5.7,4.27,743.3
1972-06-30,41.7,41.3497,5.7,4.46,749.7
1972-07-31,41.8,41.3035,5.6,4.55,759.5
1972-08-31,41.9,41.879,5.6,4.81,768.7
1972-09-30,42.1,42.2132,5.5,4.87,778.3
1972-10-31,42.2,42.7494,5.6,5.05,786.9
1972-11-30,42.4,43.2548,5.3,5.06,793.9
1972-12-31,42.5,43.7367,5.2,5.33,802.3
1973-01-31,42.7,44.0529,4.9,5.94,810.3
1973-02-28,43.0,44.6827,5.0,6.58,814.1
1973-03-31,43.4,44.7045,4.9,7.09,815.3
1973-04-30,43.7,44.6387,5.0,7.12,819.7
1973-05-31,43.9,44.9429,4.9,7.84,826.8
1973-06-30,44.2,45.0035,4.9,8.49,833.3
1973-07-31,44.2,45.1636,4.8,10.4,836.5
1973-08-31,45.0,45.1019,4.8,10.5,838.8
1973-09-30,45.2,45.4624,4.8,10.78,839.3
1973-10-31,45.6,45.847,4.6,10.01,842.6
1973-11-30,45.9,46.0553,4.8,10.03,848.9
1973-12-31,46.3,45.923,4.9,9.95,855.5
1974-01-31,46.8,45.6204,5.1,9.65,859.7
1974-02-28,47.3,45.4759,5.2,8.97,864.2
1974-03-31,47.8,45.4777,5.1,9.35,870.1
1974-04-30,48.1,45.3451,5.1,10.51,872.9
1974-05-31,48.6,45.7044,5.1,11.31,874.6
1974-06-30,49.0,45.6238,5.4,11.93,877.8
1974-07-31,49.3,45.7221,5.5,12.92,881.4
1974-08-31,49.9,45.2366,5.5,12.01,884.1
1974-09-30,50.6,45.2365,5.9,11.34,887.9
1974-10-31,51.0,45.1133,6.0,10.06,893.3
1974-11-30,51.5,43.6278,6.6,9.45,898.6
1974-12-31,51.9,42.0533,7.2,8.53,902.1
1975-01-31,52.3,41.4676,8.1,7.13,906.3
1975-02-28,52.6,40.5165,8.1,6.24,914.1
1975-03-31,52.8,40.0638,8.6,5.54,925.0
1975-04-30,53.0,40.1573,8.8,5.49,935.1
1975-05-31,53.1,40.0253,9.0,5.22,947.9
1975-06-30,53.5,40.2772,8.8,5.55,963.0
1975-07-31,54.0,40.6994,8.6,6.1,975.1
1975-08-31,54.2,41.0998,8.4,6.14,983.1
1975-09-30,54.6,41.6304,8.4,6.24,991.5
1975-10-31,54.9,41.8135,8.4,5.82,997.8
1975-11-30,55.3,41.8697,8.3,5.22,1006.9
1975-12-31,55.6,42.4414,8.2,5.2,1016.2
1976-01-31,55.8,43.0012,7.9,4.87,1026.6
1976-02-29,55.9,43.4229,7.7,4.77,1040.3
1976-03-31,56.0,43.5168,7.6,4.84,1050.0
1976-04-30,56.1,43.7327,7.7,4.82,1060.8
1976-05-31,56.4,43.9186,7.4,5.29,1072.1
1976-06-30,56.7,43.9637,7.6,5.48,1077.6
1976-07-31,57.0,44.2141,7.8,5.31,1086.3
1976-08-31,57.3,44.5182,7.8,5.29,1098.7
1976-09-30,57.6,44.6721,7.6,5.25,1110.8
1976-10-31,57.9,44.6585,7.7,5.02,1125.0
1976-11-30,58.1,45.3392,7.8,4.95,1138.2
1976-12-31,58.4,45.8294,7.8,4.65,1152.0
1977-01-31,58.7,45.5087,7.5,4.61,1165.2
1977-02-28,59.3,46.2277,7.6,4.68,1177.6
1977-03-31,59.6,46.8185,7.4,4.69,1188.5
1977-04-30,60.0,47.2684,7.2,4.73,1199.6
1977-05-31,60.2,47.6411,7.0,5.35,1209.0
1977-06-30,60.5,48.0116,7.2,5.39,1217.8
1977-07-31,60.8,48.073,6.9,5.42,1226.7
1977-08-31,61.1,48.1205,7.0,5.9,1237.0
1977-09-30,61.3,48.3189,6.8,6.14,1246.2
1977-10-31,61.6,48.3871,6.8,6.47,1254.0
1977-11-30,62.0,48.4761,6.8,6.51,1262.4
1977-12-31,62.3,48.5629,6.4,6.56,1270.3
1978-01-31,62.7,47.8481,6.4,6.7,1279.7
1978-02-28,63.0,48.1044,6.3,6.78,1285.5
1978-03-31,63.4,49.0265,6.3,6.79,1292.2
1978-04-30,63.9,50.0206,6.1,6.89,1300.4
1978-05-31,64.5,50.254,6.0,7.36,1310.5
1978-06-30,65.0,50.5801,5.9,7.6,1318.5
1978-07-31,65.5,50.5384,6.2,7.81,1324.1
1978-08-31,65.9,50.7458,5.9,8.04,1333.5
1978-09-30,66.5,50.8744,6.0,8.45,1345.0
1978-10-31,67.1,51.2559,5.8,8.96,1352.3
1978-11-30,67.5,51.6514,5.9,9.76,1359.1
1978-12-31,67.9,51.909,6.0,10.03,1366.0
1979-01-31,68.5,51.6278,5.9,10.07,1371.6
1979-02-28,69.2,51.8752,5.9,10.06,1377.8
1979-03-31,69.9,52.0446,5.8,10.09,1387.8
1979-04-30,70.6,51.4193,5.8,10.01,1402.1
1979-05-31,71.4,51.8856,5.6,10.24,1410.2
1979-06-30,72.2,51.8965,5.7,10.29,1423.0
1979-07-31,73.0,51.8097,5.7,10.47,1434.8
1979-08-31,73.7,51.4684,6.0,10.94,1446.6
1979-09-30,74.4,51.4597,5.9,11.43,1454.1
1979-10-31,75.2,51.8334,6.0,13.77,1460.4
1979-11-30,76.0,51.7531,5.9,13.18,1465.9
1979-12-31,76.9,51.7878,6.0,13.78,1473.7
1980-01-31,78.0,52.0679,6.3,13.82,1482.7
1980-02-29,79.0,52.082,6.3,14.13,1494.6
1980-03-31,80.1,51.87,6.3,17.19,1499.8
1980-04-30,80.9,50.8397,6.9,17.61,1502.2
1980-05-31,81.7,49.589,7.5,10.98,1512.3
1980-06-30,82.5,48.9482,7.6,9.47,1529.2
1980-07-31,82.6,48.6039,7.8,9.03,1545.5
1980-08-31,83.2,48.7563,7.7,9.61,1561.5
1980-09-30,83.9,49.5608,7.5,10.87,1574.0
1980-10-31,84.7,50.1908,7.5,12.81,1584.8
1980-11-30,85.6,51.0311,7.5,15.85,1595.8
1980-12-31,86.4,51.3708,7.2,18.9,1599.8
1981-01-31,87.2,51.0415,7.5,19.08,1606.9
1981-02-28,88.0,50.824,7.4,15.93,1618.7
1981-03-31,88.6,51.0826,7.4,14.7,1636.6
1981-04-30,89.1,50.858,7.2,15.72,1659.2
1981-05-31,89.7,51.1495,7.5,18.52,1664.2
1981-06-30,90.5,51.4101,7.5,19.1,1670.3
1981-07-31,91.5,51.7471,7.2,19.04,1681.9
1981-08-31,92.2,51.6826,7.4,17.82,1694.3
1981-09-30,93.1,51.4337,7.6,15.87,1706.0
1981-10-31,93.4,51.0281,7.9,15.08,1721.8
1981-11-30,93.8,50.435,8.3,13.31,1736.1
1981-12-31,94.1,49.8987,8.5,12.37,1755.5
1982-01-31,94.4,48.8685,8.6,13.22,1770.4
1982-02-28,94.7,49.8636,8.9,14.78,1774.5
1982-03-31,94.7,49.5323,9.0,14.68,1786.5
1982-04-30,95.0,49.075,9.3,14.94,1803.9
1982-05-31,95.9,48.7483,9.4,14.45,1815.4
1982-06-30,97.0,48.6214,9.6,14.15,1826.0
1982-07-31,97.5,48.4616,9.8,12.59,1831.5
1982-08-31,97.7,48.0192,9.8,10.12,1845.2
1982-09-30,97.7,47.9008,10.1,10.31,1858.4
1982-10-31,98.1,47.4371,10.4,9.71,1869.7
1982-11-30,98.0,47.283,10.8,9.2,1883.7
1982-12-31,97.7,46.9485,10.8,8.95,1905.9
1983-01-31,97.9,47.8234,10.4,8.68,1959.4
1983-02-28,98.0,47.5233,10.4,8.51,1996.8
1983-03-31,98.1,47.9244,10.3,8.77,2015.2
1983-04-30,98.8,48.5311,10.2,8.8,2028.6
1983-05-31,99.2,48.8239,10.1,8.63,2043.1
1983-06-30,99.4,49.123,10.1,8.98,2053.5
1983-07-31,99.8,49.8546,9.4,9.37,2064.8
1983-08-31,100.1,50.4443,9.5,9.56,2074.0
1983-09-30,100.4,51.178,9.2,9.45,2083.2
1983-10-31,100.8,51.5693,8.8,9.48,2099.2
1983-11-30,101.1,51.7993,8.5,9.34,2112.3
1983-12-31,101.4,52.0594,8.3,9.47,2123.5
1984-01-31,102.1,53.0985,8.0,9.56,2138.2
1984-02-29,102.6,53.3318,7.8,9.59,2158.2
1984-03-31,102.9,53.5929,7.8,9.91,2175.2
1984-04-30,103.3,53.91,7.7,10.29,2191.7
1984-05-31,103.5,54.2026,7.4,10.32,2204.1
1984-06-30,103.7,54.4014,7.2,11.06,2215.1
1984-07-31,104.1,54.5521,7.5,11.23,2223.5
1984-08-31,104.4,54.6083,7.5,11.64,2230.4
1984-09-30,104.7,54.4466,7.3,11.3,2244.4
1984-10-31,105.1,54.4406,7.4,9.99,2258.9
1984-11-30,105.3,54.624,7.2,9.43,2281.4
1984-12-31,105.5,54.6416,7.3,8.38,2306.4
1985-01-31,105.7,54.6322,7.3,8.35,2332.4
1985-02-28,106.3,54.7825,7.2,8.5,2354.1
1985-03-31,106.8,54.8653,7.2,8.58,2366.2
1985-04-30,107.0,54.7459,7.3,8.27,2375.4
1985-05-31,107.2,54.8255,7.2,7.97,2389.5
1985-06-30,107.5,54.7989,7.4,7.53,2412.6
1985-07-31,107.7,54.5396,7.4,7.88,2429.5
1985-08-31,107.9,54.7055,7.1,7.9,2444.0
1985-09-30,108.1,54.8906,7.1,7.92,2456.4
1985-10-31,108.5,54.7199,7.1,7.99,2468.0
1985-11-30,109.0,54.9124,7.0,8.05,2477.8
1985-12-31,109.5,55.4412,7.0,8.27,2492.1
1986-01-31,109.9,55.7481,6.7,8.14,2502.1
1986-02-28,109.7,55.3568,7.2,7.86,2512.9
1986-03-31,109.1,54.9625,7.2,7.48,2533.1
1986-04-30,108.7,55.0413,7.1,6.99,2557.8
1986-05-31,109.0,55.1226,7.2,6.85,2584.8
1986-06-30,109.4,54.9005,7.2,6.92,2605.0
1986-07-31,109.5,55.2592,7.0,6.56,2626.6
1986-08-31,109.6,55.1567,6.9,6.17,2646.5
1986-09-30,110.0,55.2975,7.0,5.89,2667.8
1986-10-31,110.2,55.5332,7.0,5.85,2687.4
1986-11-30,110.4,55.7557,6.9,6.04,2701.3
1986-12-31,110.8,56.2845,6.6,6.91,2728.0
1987-01-31,111.4,56.0882,6.6,6.43,2743.9
1987-02-28,111.8,56.8275,6.6,6.1,2747.5
1987-03-31,112.2,56.9098,6.6,6.13,2753.7
1987-04-30,112.7,57.2701,6.3,6.37,2767.7
1987-05-31,113.0,57.6322,6.3,6.85,2772.9
1987-06-30,113.5,57.9307,6.2,6.73,2774.6
1987-07-31,113.8,58.3258,6.1,6.58,2779.0
1987-08-31,114.3,58.7636,6.0,6.73,2788.2
1987-09-30,114.7,58.9951,5.9,7.22,2799.5
1987-10-31,115.0,59.781,6.0,7.29,2814.8
1987-11-30,115.4,60.0726,5.8,6.69,2818.9
1987-12-31,115.6,60.4095,5.7,6.77,2826.4
1988-01-31,116.0,60.3976,5.7,6.83,2847.4
1988-02-29,116.2,60.7003,5.7,6.58,2870.4
1988-03-31,116.5,60.8501,5.7,6.58,2890.7
1988-04-30,117.2,61.2031,5.4,6.87,2910.7
1988-05-31,117.5,61.0797,5.6,7.09,2926.0
1988-06-30,118.0,61.2569,5.4,7.51,2938.4
1988-07-31,118.5,61.2659,5.4,7.75,2947.2
1988-08-31,119.0,61.5731,5.6,8.01,2952.0
1988-09-30,119.5,61.3807,5.4,8.19,2956.9
1988-10-31,119.9,61.6453,5.4,8.3,2965.3
1988-11-30,120.3,61.7944,5.3,8.35,2980.2
1988-12-31,120.7,62.0743,5.3,8.76,2988.2
1989-01-31,121.2,62.2574,5.4,9.12,2991.7
1989-02-28,121.6,61.9819,5.2,9.36,2992.2
1989-03-31,122.2,62.1369,5.0,9.85,2999.7
1989-04-30,123.1,62.1276,5.2,9.84,3006.0
1989-05-31,123.7,61.7744,5.2,9.81,3011.6
1989-06-30,124.1,61.7697,5.3,9.53,3027.9
1989-07-31,124.5,61.1738,5.2,9.24,3052.4
1989-08-31,124.5,61.7732,5.2,8.99,3074.4
1989-09-30,124.8,61.5796,5.3,9.02,3092.5
1989-10-31,125.4,61.4966,5.3,8.84,3114.1
1989-11-30,125.9,61.7044,5.4,8.55,3133.3
1989-12-31,126.3,62.0428,5.4,8.45,3152.5
1990-01-31,127.5,61.729,5.4,8.23,3166.8
1990-02-28,128.0,62.2896,5.3,8.24,3179.2
1990-03-31,128.6,62.5999,5.2,8.28,3190.1
1990-04-30,128.9,62.4359,5.4,8.26,3201.6
1990-05-31,129.1,62.6258,5.4,8.18,3200.6
1990-06-30,129.9,62.8382,5.2,8.29,3213.7
1990-07-31,130.5,62.7284,5.5,8.15,3224.5
1990-08-31,131.6,62.9475,5.7,8.13,3242.0
1990-09-30,132.5,62.9523,5.9,8.2,3254.6
1990-10-31,133.4,62.5845,5.9,8.11,3259.3
1990-11-30,133.7,61.7887,6.2,7.81,3262.6
1990-12-31,134.2,61.3352,6.3,7.31,3271.8
1991-01-31,134.7,61.1355,6.4,6.91,3287.7
1991-02-28,134.8,60.6838,6.6,6.25,3304.5
1991-03-31,134.8,60.3346,6.8,6.12,3321.9
1991-04-30,135.1,60.4938,6.7,5.91,3332.4
1991-05-31,135.6,61.0633,6.9,5.78,3343.0
1991-06-30,136.0,61.5581,6.9,5.9,3351.9
1991-07-31,136.2,61.7305,6.8,5.82,3356.1
1991-08-31,136.6,61.7298,6.9,5.66,3355.0
1991-09-30,137.0,62.2195,6.9,5.45,3354.9
1991-10-31,137.2,62.1855,7.0,5.21,3360.1
1991-11-30,137.8,62.0871,7.0,4.81,3365.5
1991-12-31,138.2,61.7852,7.3,4.43,3372.2
1992-01-31,138.3,61.4616,7.3,4.03,3381.2
1992-02-29,138.6,61.8955,7.4,4.06,3400.0
1992-03-31,139.1,62.4232,7.4,3.98,3403.9
1992-04-30,139.4,62.897,7.4,3.73,3399.7
1992-05-31,139.7,63.104,7.6,3.82,3398.6
1992-06-30,140.1,63.1363,7.8,3.76,3393.4
1992-07-31,140.5,63.7176,7.7,3.25,3393.9
1992-08-31,140.8,63.3613,7.6,3.3,3398.8
1992-09-30,141.1,63.5703,7.6,3.22,3410.3
1992-10-31,141.7,63.9995,7.3,3.1,3423.8
1992-11-30,142.1,64.2422,7.4,3.09,3426.5
1992-12-31,142.3,64.3507,7.4,2.92,3424.7
1993-01-31,142.8,64.5978,7.3,3.02,3419.1
1993-02-28,143.1,64.9089,7.1,3.03,3414.5
1993-03-31,143.3,64.8522,7.0,3.07,3411.7
1993-04-30,143.8,65.0301,7.1,2.96,3411.3
1993-05-31,144.2,64.784,7.1,3.0,3436.9
1993-06-30,144.3,64.9301,7.0,3.04,3442.4
1993-07-31,144.5,65.1052,6.9,3.06,3442.0
1993-08-31,144.8,65.0267,6.8,3.03,3445.7
1993-09-30,145.0,65.3717,6.7,3.09,3452.2
1993-10-31,145.6,65.8509,6.8,2.99,3456.7
1993-11-30,146.0,66.1518,6.6,3.02,3470.1
1993-12-31,146.3,66.5436,6.5,2.96,3474.5
1994-01-31,146.3,66.7351,6.6,3.05,3474.9
1994-02-28,146.7,66.774,6.6,3.25,3475.7
1994-03-31,147.1,67.4552,6.5,3.34,3480.1
1994-04-30,147.2,67.8541,6.4,3.56,3481.3
1994-05-31,147.5,68.1663,6.1,4.01,3490.8
1994-06-30,147.9,68.6265,6.1,4.25,3479.5
1994-07-31,148.4,68.7178,6.1,4.26,3488.2
1994-08-31,149.0,69.1785,6.0,4.47,3485.7
1994-09-30,149.3,69.3961,5.9,4.73,3486.1
1994-10-31,149.4,69.9544,5.8,4.76,3484.3
1994-11-30,149.8,70.4326,5.6,5.29,3487.2
1994-12-31,150.1,71.1523,5.5,5.45,3486.4
1995-01-31,150.5,71.2734,5.6,5.53,3492.4
1995-02-28,150.9,71.193,5.4,5.92,3489.9
1995-03-31,151.2,71.3113,5.4,5.98,3491.1
1995-04-30,151.8,71.1882,5.8,6.05,3499.2
1995-05-31,152.1,71.5378,5.6,6.01,3524.2
1995-06-30,152.4,71.7749,5.6,6.0,3548.9
1995-07-31,152.6,71.4748,5.7,5.85,3567.4
1995-08-31,152.9,72.4223,5.7,5.74,3589.0
1995-09-30,153.1,72.7144,5.6,5.8,3602.1
1995-10-31,153.5,72.5866,5.5,5.76,3613.4
1995-11-30,153.7,72.7779,5.6,5.8,3619.9
1995-12-31,153.9,73.0305,5.6,5.6,3629.5
1996-01-31,154.7,72.6125,5.6,5.56,3647.9
1996-02-29,155.0,73.6752,5.5,5.22,3661.8
1996-03-31,155.5,73.585,5.5,5.31,3686.9
1996-04-30,156.1,74.3172,5.6,5.22,3697.7
1996-05-31,156.4,74.8726,5.6,5.24,3709.6
1996-06-30,156.7,75.4433,5.3,5.27,3722.5
1996-07-31,157.0,75.4549,5.5,5.4,3737.1
1996-08-31,157.2,75.8411,5.1,5.22,3744.0
1996-09-30,157.7,76.3158,5.2,5.3,3753.4
1996-10-31,158.2,76.3384,5.2,5.24,3772.8
1996-11-30,158.7,77.0397,5.4,5.31,3795.1
1996-12-31,159.1,77.5333,5.4,5.29,3818.6
1997-01-31,159.4,77.6562,5.3,5.25,3834.6
1997-02-28,159.7,78.5833,5.2,5.19,3846.3
1997-03-31,159.8,79.082,5.2,5.39,3861.2
1997-04-30,159.9,79.1747,5.1,5.51,3877.0
1997-05-31,159.9,79.6133,4.9,5.5,3889.2
1997-06-30,160.2,79.9792,5.0,5.56,3906.0
1997-07-31,160.4,80.6624,4.9,5.52,3923.9
1997-08-31,160.8,81.4694,4.8,5.54,3957.4
1997-09-30,161.2,82.2156,4.9,5.54,3973.1
1997-10-31,161.5,82.9446,4.7,5.5,3992.3
1997-11-30,161.7,83.5978,4.6,5.52,4014.8
1997-12-31,161.8,83.9538,4.7,5.5,4032.9
1998-01-31,162.0,84.3218,4.6,5.56,4056.2
1998-02-28,162.0,84.4583,4.6,5.51,4088.9
1998-03-31,162.0,84.488,4.7,5.49,4114.3
1998-04-30,162.2,84.7779,4.3,5.45,4140.2
1998-05-31,162.6,85.3367,4.4,5.49,4164.4
1998-06-30,162.8,84.8248,4.5,5.56,4184.1
1998-07-31,163.2,84.4986,4.5,5.54,4203.8
1998-08-31,163.4,86.248,4.5,5.55,4228.7
1998-09-30,163.5,86.2021,4.6,5.51,4267.7
1998-10-31,163.9,86.7914,4.5,5.07,4307.9
1998-11-30,164.1,86.7256,4.4,4.83,4346.6
1998-12-31,164.4,87.1185,4.4,4.68,4375.6
1999-01-31,164.7,87.4949,4.3,4.63,4403.0
1999-02-28,164.7,88.027,4.4,4.76,4425.8
1999-03-31,164.8,88.2267,4.2,4.81,4432.6
1999-04-30,165.9,88.4295,4.3,4.74,4461.4
1999-05-31,166.0,88.9886,4.2,4.74,4486.1
1999-06-30,166.0,88.9188,4.3,4.76,4508.0
1999-07-31,166.7,89.4333,4.3,4.99,4535.4
1999-08-31,167.1,89.7924,4.2,5.07,4552.7
1999-09-30,167.8,89.4299,4.2,5.22,4568.8
1999-10-31,168.1,90.523,4.1,5.2,4592.7
1999-11-30,168.4,90.9618,4.1,5.42,4611.8
1999-12-31,168.8,91.6634,4.0,5.3,4639.3
2000-01-31,169.3,91.538,4.0,5.45,4667.6
2000-02-29,170.0,91.8239,4.1,5.73,4680.9
2000-03-31,171.0,92.1504,4.0,5.85,4711.7
2000-04-30,170.9,92.6989,3.8,6.02,4767.8
2000-05-31,171.2,92.9499,4.0,6.27,4755.7
2000-06-30,172.2,92.9862,4.0,6.53,4773.6
2000-07-31,172.7,92.8048,4.0,6.54,4791.3
2000-08-31,172.7,92.5521,4.1,6.5,4819.5
2000-09-30,173.6,92.9792,3.9,6.52,4855.2
2000-10-31,173.9,92.6179,3.9,6.51,4871.3
2000-11-30,174.2,92.6438,3.9,6.51,4882.7
2000-12-31,174.6,92.3415,3.9,6.4,4927.6
2001-01-31,175.6,91.902,4.2,5.98,4978.3
2001-02-28,176.0,91.3034,4.2,5.49,5017.0
2001-03-31,176.1,91.1162,4.3,5.31,5074.8
2001-04-30,176.4,90.7891,4.4,4.8,5139.1
2001-05-31,177.3,90.3555,4.3,4.21,5137.2
2001-06-30,177.7,89.8784,4.5,3.97,5180.1
2001-07-31,177.4,89.3028,4.6,3.77,5210.0
2001-08-31,177.4,89.2003,4.9,3.65,5243.8
2001-09-30,178.1,88.7485,5.0,3.07,5355.1
2001-10-31,177.6,88.5052,5.3,2.49,5343.8
2001-11-30,177.5,87.97,5.5,2.09,5387.5
2001-12-31,177.4,87.9324,5.7,1.82,5440.5
2002-01-31,177.7,88.5176,5.7,1.73,5460.9
2002-02-28,178.0,88.5278,5.7,1.74,5490.2
2002-03-31,178.5,89.1686,5.7,1.73,5502.0
2002-04-30,179.3,89.604,5.9,1.75,5502.1
2002-05-31,179.5,89.964,5.8,1.75,5528.3
2002-06-30,179.6,90.7061,5.8,1.75,5553.3
2002-07-31,180.0,90.6769,5.8,1.73,5596.0
2002-08-31,180.5,90.5762,5.7,1.74,5638.3
2002-09-30,180.8,90.6531,5.7,1.75,5662.3
2002-10-31,181.2,90.4643,5.7,1.75,5707.1
2002-11-30,181.5,90.9711,5.9,1.34,5758.1
2002-12-31,181.8,90.4652,6.0,1.24,5779.4
2003-01-31,182.6,91.2361,5.8,1.24,5812.1
2003-02-28,183.6,91.3445,5.9,1.26,5848.2
2003-03-31,183.9,91.1044,5.9,1.25,5868.4
2003-04-30,183.2,90.5617,6.0,1.26,5905.5
2003-05-31,182.9,90.537,6.1,1.26,5965.3
2003-06-30,183.1,90.6527,6.3,1.22,6002.2
2003-07-31,183.7,91.1185,6.2,1.01,6049.1
2003-08-31,184.5,90.9197,6.1,1.03,6107.1
2003-09-30,185.1,91.5059,6.1,1.01,6079.7
2003-10-31,184.9,91.6186,6.0,1.01,6070.0
2003-11-30,185.0,92.2329,5.8,1.0,6075.5
2003-12-31,185.5,92.2602,5.7,0.98,6073.8
2004-01-31,186.3,92.4006,5.7,1.0,6082.1
2004-02-29,186.7,92.958,5.6,1.01,6121.8
2004-03-31,187.1,92.5861,5.8,1.0,6157.9
2004-04-30,187.4,92.93,5.6,1.0,6198.9
2004-05-31,188.2,93.6013,5.6,1.0,6275.7
2004-06-30,188.9,92.871,5.6,1.03,6277.9
2004-07-31,189.1,93.5649,5.5,1.26,6291.1
2004-08-31,189.2,93.6277,5.4,1.43,6317.8
2004-09-30,189.8,93.7467,5.4,1.61,6352.2
2004-10-31,190.8,94.5465,5.5,1.76,6379.8
2004-11-30,191.7,94.7813,5.4,1.93,6406.3
2004-12-31,191.7,95.5365,5.4,2.16,6424.5
2005-01-31,191.6,95.8801,5.3,2.28,6430.8
2005-02-28,192.4,96.5761,5.4,2.5,6438.9
2005-03-31,193.1,96.4456,5.2,2.63,6448.3
2005-04-30,193.7,96.6532,5.2,2.79,6461.8
2005-05-31,193.6,96.7402,5.1,3.0,6479.0
2005-06-30,193.7,97.1753,5.0,3.04,6511.7
2005-07-31,194.9,96.8676,5.0,3.26,6543.5
2005-08-31,196.1,97.1833,4.9,3.5,6576.3
2005-09-30,198.8,95.3005,5.0,3.62,6610.1
2005-10-31,199.1,96.4572,5.0,3.78,6643.9
2005-11-30,198.1,97.5414,5.0,4.0,6660.7
2005-12-31,198.1,98.0452,4.9,4.16,6687.8
2006-01-31,199.3,98.1999,4.7,4.29,6730.1
2006-02-28,199.4,98.2413,4.8,4.49,6754.7
2006-03-31,199.7,98.4628,4.7,4.59,6769.3
2006-04-30,200.7,98.7618,4.7,4.79,6806.9
2006-05-31,201.3,98.7869,4.6,4.94,6813.7
2006-06-30,201.8,99.0997,4.6,4.99,6851.8
2006-07-31,202.9,99.0489,4.7,5.24,6893.6
2006-08-31,203.8,99.4836,4.7,5.25,6925.1
2006-09-30,202.8,99.3183,4.5,5.25,6952.4
2006-10-31,201.9,99.2044,4.4,5.25,7001.7
2006-11-30,202.0,99.1627,4.5,5.25,7037.2
2006-12-31,203.1,100.1735,4.4,5.24,7080.1
2007-01-31,203.437,99.8346,4.6,5.25,7118.3
2007-02-28,204.226,100.7753,4.5,5.26,7134.3
2007-03-31,205.288,100.9547,4.4,5.26,7168.2
2007-04-30,205.904,101.6334,4.5,5.25,7240.7
2007-05-31,206.755,101.7306,4.4,5.25,7254.6
2007-06-30,207.234,101.7893,4.6,5.25,7287.8
2007-07-31,207.603,101.6672,4.7,5.26,7318.7
2007-08-31,207.667,101.863,4.6,5.02,7394.8
2007-09-30,208.547,102.0894,4.7,4.94,7413.0
2007-10-31,209.19,101.8015,4.7,4.76,7428.1
2007-11-30,210.834,102.3446,4.7,4.49,7453.6
2007-12-31,211.445,102.3803,5.0,4.24,7483.9
2008-01-31,212.174,102.2448,5.0,3.94,7517.5
2008-02-29,212.687,101.8438,4.9,2.98,7604.0
2008-03-31,213.448,101.5336,5.1,2.61,7670.0
2008-04-30,213.942,100.8785,5.0,2.28,7712.5
2008-05-31,215.208,100.2674,5.4,1.98,7725.2
2008-06-30,217.463,100.0335,5.6,2.0,7743.9
2008-07-31,219.016,99.676,5.8,2.01,7791.2
2008-08-31,218.69,98.1111,6.1,2.0,7805.8
2008-09-30,218.877,93.7895,6.1,1.81,7872.4
2008-10-31,216.995,94.7219,6.5,0.97,7974.9
2008-11-30,213.153,93.4715,6.8,0.39,8027.0
2008-12-31,211.398,90.8357,7.3,0.16,8204.7
2009-01-31,211.933,88.57,7.8,0.15,8289.0
2009-02-28,212.705,88.031,8.3,0.22,8319.3
2009-03-31,212.495,86.6528,8.7,0.18,8386.4
2009-04-30,212.709,85.9344,9.0,0.15,8391.1
2009-05-31,213.022,85.0665,9.4,0.18,8449.2
2009-06-30,214.79,84.7459,9.5,0.21,8459.3
2009-07-31,214.726,85.7027,9.5,0.16,8463.5
2009-08-31,215.445,86.6426,9.6,0.16,8463.0
2009-09-30,215.861,87.4063,9.8,0.15,8461.6
2009-10-31,216.509,87.6419,10.0,0.12,8487.9
2009-11-30,217.234,88.0221,9.9,0.12,8517.0
2009-12-31,217.347,88.3793,9.9,0.12,8512.2
2010-01-31,217.488,89.3426,9.8,0.11,8477.7
2010-02-28,217.281,89.6779,9.8,0.13,8527.3
2010-03-31,217.353,90.2928,9.9,0.16,8523.5
2010-04-30,217.403,90.5991,9.9,0.2,8554.8
2010-05-31,217.29,91.823,9.6,0.2,8609.0
2010-06-30,217.199,91.9928,9.4,0.18,8628.1
2010-07-31,217.605,92.3421,9.4,0.18,8639.5
2010-08-31,217.923,92.6805,9.5,0.19,8687.9
2010-09-30,218.275,92.9537,9.5,0.19,8718.7
2010-10-31,219.035,92.6903,9.4,0.19,8768.4
2010-11-30,219.59,92.7709,9.8,0.19,8789.0
2010-12-31,220.472,93.6787,9.3,0.18,8822.7
2011-01-31,221.187,93.4814,9.1,0.17,8845.0
2011-02-28,221.898,93.1102,9.0,0.16,8908.8
2011-03-31,223.046,94.0788,9.0,0.14,8966.8
2011-04-30,224.093,93.7749,9.1,0.1,9030.2
2011-05-31,224.806,93.888,9.0,0.09,9102.5
2011-06-30,224.806,94.172,9.1,0.09,9176.5
2011-07-31,225.395,94.636,9.0,0.07,9338.4
2011-08-31,226.106,95.2749,9.0,0.1,9524.9
2011-09-30,226.597,95.1961,9.0,0.08,9545.1
2011-10-31,226.75,95.8568,8.8,0.07,9577.9
2011-11-30,227.169,95.8485,8.6,0.08,9629.5
2011-12-31,227.223,96.3571,8.5,0.07,9677.1
2012-01-31,227.842,96.9318,8.3,0.08,9750.3
2012-02-29,228.329,97.2435,8.3,0.1,9802.0
2012-03-31,228.807,96.74,8.2,0.13,9846.0
2012-04-30,229.187,97.4359,8.2,0.14,9899.5
2012-05-31,228.713,97.6609,8.2,0.16,9942.8
2012-06-30,228.524,97.6663,8.2,0.16,10012.8
2012-07-31,228.59,97.8713,8.2,0.16,10065.5
2012-08-31,229.918,97.4525,8.1,0.13,10136.1
2012-09-30,231.015,97.381,7.8,0.14,10216.3
2012-10-31,231.638,97.7193,7.8,0.16,10282.6
2012-11-30,231.249,98.0777,7.7,0.16,10351.6
2012-12-31,231.221,98.3101,7.9,0.16,10474.1
2013-01-31,231.679,98.3342,8.0,0.14,10497.4
2013-02-28,232.937,98.7941,7.7,0.15,10516.4
2013-03-31,232.282,99.1921,7.5,0.14,10572.6
2013-04-30,231.797,99.1065,7.6,0.15,10600.0
2013-05-31,231.893,99.1839,7.5,0.11,10634.2
2013-06-30,232.445,99.3897,7.5,0.09,10691.3
2013-07-31,232.9,99.0814,7.3,0.09,10730.5
2013-08-31,233.456,99.6543,7.2,0.08,10788.5
2013-09-30,233.544,100.161,7.2,0.08,10848.9
2013-10-31,233.669,100.082,7.2,0.09,10973.2
2013-11-30,234.1,100.3158,6.9,0.08,10981.9
2013-12-31,234.719,100.5175,6.7,0.09,11046.9
2014-01-31,235.288,100.1599,6.6,0.07,11116.6
2014-02-28,235.547,100.9168,6.7,0.07,11182.3
2014-03-31,236.028,101.8942,6.7,0.08,11218.2
2014-04-30,236.468,101.9928,6.2,0.09,11263.1
2014-05-31,236.918,102.3836,6.3,0.09,11327.6
2014-06-30,237.231,102.735,6.1,0.1,11382.8
2014-07-31,237.498,102.9632,6.2,0.09,11437.5
2014-08-31,237.46,102.7688,6.1,0.09,11461.6
2014-09-30,237.477,103.0641,5.9,0.09,11502.8
2014-10-31,237.43,103.0764,5.7,0.09,11576.6
2014-11-30,236.983,103.7126,5.8,0.09,11617.3
2014-12-31,236.252,103.7044,5.6,0.12,11701.0
2015-01-31,234.747,102.8905,5.7,0.11,11787.8
2015-02-28,235.342,102.2335,5.5,0.11,11904.7
2015-03-31,235.976,101.8914,5.4,0.11,11902.8
2015-04-30,236.222,101.3355,5.4,0.12,11936.7
2015-05-31,237.001,100.8883,5.6,0.12,11964.2
2015-06-30,237.657,100.571,5.3,0.13,12004.6
2015-07-31,238.034,101.2228,5.2,0.13,12048.3
2015-08-31,238.033,101.0367,5.1,0.14,12093.1
2015-09-30,237.498,100.7547,5.0,0.14,12154.3
2015-10-31,237.733,100.2675,5.0,0.12,12205.6
2015-11-30,238.017,99.5298,5.1,0.12,12296.9
2015-12-31,237.761,99.0417,5.0,0.24,12368.2
2016-01-31,237.652,99.5607,4.8,0.34,12505.5
2016-02-29,237.336,99.0445,4.9,0.38,12577.7
2016-03-31,238.08,98.3096,5.0,0.36,12628.6
2016-04-30,238.992,98.6421,5.1,0.37,12707.6
2016-05-31,239.557,98.4184,4.8,0.37,12774.6
2016-06-30,240.222,98.8833,4.9,0.38,12835.1
2016-07-31,240.101,98.9992,4.8,0.39,12889.3
2016-08-31,240.545,98.85,4.9,0.4,12973.6
2016-09-30,241.176,98.7457,5.0,0.4,13033.8
2016-10-31,241.741,98.7611,4.9,0.4,13107.1
2016-11-30,242.026,98.3491,4.7,0.41,13180.6
2016-12-31,242.637,99.0214,4.7,0.54,13225.8
2017-01-31,243.618,98.7611,4.7,0.65,13300.3
2017-02-28,244.006,98.3646,4.6,0.66,13367.0
2017-03-31,243.892,99.0137,4.4,0.79,13428.4
2017-04-30,244.193,100.0224,4.4,0.9,13484.4
2017-05-31,244.004,100.1408,4.4,0.91,13536.4
2017-06-30,244.163,100.3471,4.3,1.04,13558.1
2017-07-31,244.243,100.1068,4.3,1.15,13615.1
2017-08-31,245.183,99.6925,4.4,1.16,13674.3
2017-09-30,246.435,99.7954,4.3,1.15,13722.7
2017-10-31,246.626,101.0247,4.2,1.15,13782.0
2017-11-30,247.284,101.2664,4.2,1.16,13814.6
2017-12-31,247.805,101.4644,4.1,1.3,13873.5
2018-01-31,248.859,101.4625,4.0,1.41,13882.9
2018-02-28,249.529,101.7085,4.1,1.42,13919.0
2018-03-31,249.577,102.2067,4.0,1.51,13975.8
2018-04-30,250.227,103.3329,4.0,1.69,13993.7
2018-05-31,250.792,102.4024,3.8,1.7,14049.4
2018-06-30,251.018,103.198,4.0,1.82,14109.7
2018-07-31,251.214,103.3646,3.8,1.91,14143.9
2018-08-31,251.663,104.0327,3.8,1.91,14193.6
2018-09-30,252.182,104.1004,3.7,1.95,14229.1
2018-10-31,252.772,103.9856,3.8,2.19,14241.1
2018-11-30,252.594,104.0681,3.8,2.2,14260.5
2018-12-31,252.767,104.0936,3.9,2.27,14382.3
2019-01-31,252.561,103.4021,4.0,2.4,14445.7
2019-02-28,253.319,102.8371,3.8,2.4,14480.8
2019-03-31,254.277,102.8757,3.8,2.41,14525.9
2019-04-30,255.233,102.274,3.7,2.42,14554.2
2019-05-31,255.296,102.392,3.6,2.39,14652.0
2019-06-30,255.213,102.4375,3.6,2.38,14771.0
2019-07-31,255.802,101.9408,3.7,2.4,14853.1
2019-08-31,256.036,102.639,3.6,2.13,14934.3
2019-09-30,256.43,102.2917,3.5,2.04,15031.0
2019-10-31,257.155,101.4281,3.6,1.83,15166.9
2019-11-30,257.879,101.9372,3.6,1.55,15276.4
2019-12-31,258.63,101.7003,3.6,1.55,15347.6
2020-01-31,259.127,101.0338,3.6,1.55,15416.3
2020-02-29,259.25,101.3735,3.5,1.58,15466.6
2020-03-31,258.076,97.4078,4.4,0.65,15993.4
2020-04-30,256.032,84.5619,14.8,0.05,17005.4
2020-05-31,255.802,85.9604,13.2,0.05,17852.9
2020-06-30,257.042,91.5934,11.0,0.08,18140.6
2020-07-31,258.352,95.0256,10.2,0.09,18297.7
2020-08-31,259.316,95.9549,8.4,0.1,18364.1
2020-09-30,259.997,95.9669,7.8,0.09,18596.4
2020-10-31,260.319,96.7394,6.9,0.09,18751.1
2020-11-30,260.911,97.0816,6.7,0.09,18978.9
2020-12-31,262.045,98.363,6.7,0.09,19133.0
2021-01-31,262.639,98.8822,6.4,0.09,19359.5
2021-02-28,263.573,95.6149,6.2,0.08,19596.5
2021-03-31,264.847,98.3856,6.1,0.07,19823.2
2021-04-30,266.625,98.5587,6.1,0.07,20161.5
2021-05-31,268.404,99.4333,5.8,0.06,20430.5
2021-06-30,270.71,99.7987,5.9,0.08,20472.9
2021-07-31,271.965,100.2519,5.4,0.1,20628.2
2021-08-31,272.752,100.0437,5.1,0.09,20811.1
2021-09-30,273.942,98.8579,4.7,0.08,20979.2
2021-10-31,276.528,100.1861,4.5,0.08,21142.1
2021-11-30,278.824,100.8654,4.1,0.08,21316.6
2021-12-31,280.806,100.5726,3.9,0.08,21471.0
2022-01-31,282.542,100.1856,4.0,0.08,21587.3
2022-02-28,284.525,100.8064,3.9,0.08,21684.9
2022-03-31,287.467,101.3907,3.7,0.2,21721.3
2022-04-30,288.582,101.44,3.7,0.33,21750.0
2022-05-31,291.299,101.3335,3.6,0.77,21690.7
2022-06-30,295.072,101.018,3.6,1.21,21642.9
2022-07-31,294.94,101.223,3.5,1.68,21641.7
2022-08-31,295.162,101.0963,3.6,2.33,21606.8
2022-09-30,296.421,101.2918,3.5,2.56,21521.0
2022-10-31,297.979,101.2529,3.6,3.08,21424.4
2022-11-30,298.708,100.9552,3.6,3.78,21358.1
2022-12-31,298.808,99.7664,3.5,4.1,21219.0
2023-01-31,300.456,100.505,3.5,4.33,21205.3
2023-02-28,301.476,100.6416,3.6,4.57,21184.5
2023-03-31,301.643,101.0205,3.5,4.65,20876.1
2023-04-30,302.858,101.253,3.4,4.83,20729.8
2023-05-31,303.316,100.9286,3.6,5.06,20801.1
2023-06-30,304.099,100.1196,3.6,5.08,20782.6
2023-07-31,304.615,100.9067,3.5,5.12,20772.0
2023-08-31,306.138,100.8393,3.7,5.33,20746.9
2023-09-30,307.374,101.0211,3.7,5.33,20720.4
2023-10-31,307.653,100.4689,3.9,5.33,20687.3
2023-11-30,308.087,100.8639,3.7,5.33,20696.7
2023-12-31,308.735,100.6031,3.8,5.33,20701.3
2024-01-31,309.794,99.2223,3.7,5.33,20773.2
2024-02-29,311.022,100.285,3.9,5.33,20861.2
2024-03-31,312.107,100.4575,3.9,5.33,20900.9
2024-04-30,313.016,100.2434,3.9,5.33,20929.0
2024-05-31,313.14,100.863,3.9,5.33,20989.5
2024-06-30,313.131,100.894,4.1,5.33,21053.0
2024-07-31,313.566,99.9757,4.2,5.33,21084.1
2024-08-31,314.131,100.4309,4.2,5.33,21171.0
2024-09-30,314.851,99.8084,4.1,5.13,21257.4
2024-10-31,315.564,99.4695,4.1,4.83,21308.1
2024-11-30,316.449,99.2925,4.2,4.64,21408.0
2024-12-31,317.603,100.3273,4.1,4.48,21424.5
2025-01-31,319.086,100.0647,4.0,4.33,21492.4
2025-02-28,319.775,101.0993,4.2,4.33,21564.6
2025-03-31,319.615,101.0404,4.2,4.33,21636.7
2025-04-30,320.321,101.1279,4.2,4.33,21770.6
2025-05-31,320.58,100.9655,4.3,4.33,21827.5
2025-06-30,321.5,101.4785,4.1,4.33,21942.5
2025-07-31,322.132,101.8738,4.3,4.33,22028.7
2025-08-31,323.364,101.6019,4.3,4.33,22108.3
2025-09-30,324.368,101.6729,4.4,4.22,22212.4
2025-10-31,,101.616,,4.09,22298.0
2025-11-30,325.031,101.7935,4.5,3.88,22322.4
2025-12-31,,,4.4,3.72,
